# source-revision	cc8d14c414e58a2637119d7cfd8a0059cf3aad5c
class	source	destination	origin_git_blob	origin_sha256	archive_policy
legacy-non-arm	distrib/pic32/.gitignore	legacy/non-arm/mips-pic32/distrib/pic32/.gitignore	75eeab2714a8e4295c0258715094afc89c85069c	7acb2a87be520e779cfd4548bd4a4958281df77456042c92d8d5ef1a1c2cff2b	immutable
legacy-non-arm	distrib/pic32/README.md	legacy/non-arm/mips-pic32/distrib/pic32/README.md	f38c9d36b41c6ac8d28c37ad4f6e78ac73a36d99	ded401e350339a167445006e4c949ab80521b9b40960f51695087e72c0789df5	immutable
legacy-non-arm	distrib/pic32/md.pic32	legacy/non-arm/mips-pic32/distrib/pic32/md.pic32	3aef04a2758e233b1186197f119a0ca5e561a879	70b6303c1fb0d2449f1626add006ba1342b15253e834076fb1fbcfb5d7a5bcc7	immutable
legacy-pdp11-v6	docs/research/v6-emulator-on-discobsd.md	legacy/pdp11-v6/docs/research/v6-emulator-on-discobsd.md	49d05089e66b01812284a05cfdfddcb5b557d1f9	a767cb524b7cb398fe82bc8d279ebd98d4621e4934556b3302a1a2c35aa4ca40	maintained
legacy-non-arm	include/Makefile.install	legacy/non-arm/pdp11-vax/include/Makefile.install	e75e15706ce131fba8b13a0f551f41a74a000d19	00c2fa61f5c2b87a97cf3ebf1a5a52861938f600086c5ccf50f1072c10f0522c	immutable
legacy-non-arm	include/pic32	legacy/non-arm/mips-pic32/include/pic32	389447e7110f65fcc3ff39f6879d86b606f52509	e46ed8a73b4d51be2f514b0d94ef161e2d134f682c6e33200970917534243474	immutable
legacy-non-arm	include/smallc/curses.h	legacy/non-arm/mips-pic32/include/smallc/curses.h	1bb566a0b6b666525af89ec5e1c6297ee20c921a	b1b63fc877457d3735c536b1a4f8b5cdae586fa23c8ad73ebb4b546095a54e33	immutable
legacy-non-arm	include/smallc/fcntl.h	legacy/non-arm/mips-pic32/include/smallc/fcntl.h	ad42122cd61e04703d0ed3b727a7cacae733350b	097d5d13cf88655c0d4e9609ed6e04439a6700d634827093dc01e9bbe66f2e4a	immutable
legacy-non-arm	include/smallc/signal.h	legacy/non-arm/mips-pic32/include/smallc/signal.h	bae19f3e0c1abfb72bfee7bee32f80bfa1fc2b5a	1e9a1740b16fa27d9efc75f1488e09b9b2fb8e9eaac3951163eb978b6ee3b7f6	immutable
legacy-non-arm	include/smallc/stdio.h	legacy/non-arm/mips-pic32/include/smallc/stdio.h	967e17af91fe27e431c7c76cfbd0e3f023b1a1fe	973769167574f869e1a7bae717bb0122afadec1da6d2508cfb91ffb4eae54b23	immutable
legacy-non-arm	include/smallc/sys/gpio.h	legacy/non-arm/mips-pic32/include/smallc/sys/gpio.h	f2a538c31ffeee1c020998217c55c9b8af092e53	9f591d452db29d68e2607569ba2246470b8bb568f25320ce587155bf379a1216	immutable
legacy-non-arm	include/smallc/sys/spi.h	legacy/non-arm/mips-pic32/include/smallc/sys/spi.h	6d5b154c9d43b276570b400a6cc27d884fdca29e	daa9ef6f52abe1c90389decfe0ba68f3a6cc648b34dbdd7e244868ea97bb32ce	immutable
legacy-non-arm	include/smallc/wiznet.h	legacy/non-arm/mips-pic32/include/smallc/wiznet.h	23f2ec740b5761755455faa35418def16b16ffc7	56eccbaa450c85ff9de404c6bf924a63a1f9c0a48df96e90c6a7b498139e4dba	immutable
legacy-non-arm	include/wiznet/client.h	legacy/non-arm/mips-pic32/include/wiznet/client.h	da960494d3ead8365093d3440602437188141b84	f12de60c41b7a1fc78f1ece2bb17af9f46285277adfd0e977be25d5558b59ab5	immutable
legacy-non-arm	include/wiznet/ethernet.h	legacy/non-arm/mips-pic32/include/wiznet/ethernet.h	e895bef583430030846a2db2e6c8cc3a5762e8ca	b671376d7dc427a5beacf02b269d16ea0b9b6757300e142ef5454c65f10009d5	immutable
legacy-non-arm	include/wiznet/server.h	legacy/non-arm/mips-pic32/include/wiznet/server.h	60450b86ab4b908bc380a69e89cf7e63b9c7cedc	79cbe2aafbe5abe15fc75d9e98558f31792883b1fe1a9bff24c2a486205494ae	immutable
legacy-non-arm	include/wiznet/socket.h	legacy/non-arm/mips-pic32/include/wiznet/socket.h	3c0eb343f7b62cf4dc58d959785efe4daeedba8f	f11330058991845d314dbf07c69f8aa5ea5fa98be5241b4604f228a36fb985ce	immutable
legacy-non-arm	include/wiznet/udp.h	legacy/non-arm/mips-pic32/include/wiznet/udp.h	0988339bbdea535933004b29e16895978fff1ba3	8b32c4fd7850d7b6628013d03e21316f1c73f36e27da825241a215490a59ef01	immutable
legacy-non-arm	include/wiznet/w5100.h	legacy/non-arm/mips-pic32/include/wiznet/w5100.h	9af54450fa373e1a5b4a858b0e44095cfc83a0e1	2455744eff670df6b7ca18bdfd3bc9ad5a846f8f3af9d222505bcb0d9eebc4c5	immutable
legacy-non-arm	lib/elf32-mips.ld	legacy/non-arm/mips-pic32/lib/elf32-mips.ld	acc9fe35f4932e56b7435f06aa0d021abcb29802	17bdc721c1289ad7d88cde5d5b093ae9dbe14ca8c34a7b05cd5ee2d06e60986e	immutable
legacy-non-arm	lib/libc/mips/Makefile	legacy/non-arm/mips-pic32/lib/libc/mips/Makefile	59c1afe1ce4a9765b1cddcb4d808a2cc0368d04f	d4fe4af7cea45dc60e0aa3bc689226c617aaacad226fec0507574cbc4185b725	immutable
legacy-non-arm	lib/libc/mips/gen/Makefile	legacy/non-arm/mips-pic32/lib/libc/mips/gen/Makefile	633bd4def314697c1bbf75efd393fb9776d7c0b5	43f386f85d118f609cab00498139dde59b09772c91e4f4888b9270623133bea2	immutable
legacy-non-arm	lib/libc/mips/gen/_setjmp.S	legacy/non-arm/mips-pic32/lib/libc/mips/gen/_setjmp.S	56767d49f52593d6d4835ad8e1cd1dcf4ec74db9	9b4daf6b6e334388f194703c2cb8cab4b66c136b5118dc3500f81428ac5a81ea	immutable
legacy-non-arm	lib/libc/mips/gen/htonl.S	legacy/non-arm/mips-pic32/lib/libc/mips/gen/htonl.S	f9b18c75ae1db2d3fcf181db8762a557516fc31c	bed81e97c96c0f85149754b69d2eb1509361eafc7b6895188476f41459f83e8d	immutable
legacy-non-arm	lib/libc/mips/gen/htons.S	legacy/non-arm/mips-pic32/lib/libc/mips/gen/htons.S	d4905c7c7b6475d577933bbbeba424bcf1770a27	5ed492a990e6d8731b71b68c482d26be410f1d593afd50c76d7991fad23775c8	immutable
legacy-non-arm	lib/libc/mips/gen/setjmp.S	legacy/non-arm/mips-pic32/lib/libc/mips/gen/setjmp.S	d06bce1ec6207104ead562d82d640904a2b1e50c	fe602cb7915acc2d631969ecf5ef2e4ecf7bbfd35324825c9e6a3dfb91c51570	immutable
legacy-non-arm	lib/libc/mips/gen/sigsetjmp.S	legacy/non-arm/mips-pic32/lib/libc/mips/gen/sigsetjmp.S	4af651facba83268c94ed1f3266c310dcab4448a	5b196d1c160fd4dcd0d570873953cfab5beb2f4c0bd3c609ec92585e6b49fccd	immutable
legacy-non-arm	lib/libc/mips/string/Makefile	legacy/non-arm/mips-pic32/lib/libc/mips/string/Makefile	ea71a51180f21b7de304e59cf673e4b995cc4b1c	c25489341fbdfd20e0537ed93fef84d762ad5e1bd64b1a1d889b656b5c73760e	immutable
legacy-non-arm	lib/libc/mips/string/bcmp.S	legacy/non-arm/mips-pic32/lib/libc/mips/string/bcmp.S	bd6ab21901fa1b212f4d2c5d2064f840fd8f0416	bbd510ac997f44f27fe59ea304b2c84d17b82e772b16bbbedf1579ea57407f1a	immutable
legacy-non-arm	lib/libc/mips/string/bcopy.S	legacy/non-arm/mips-pic32/lib/libc/mips/string/bcopy.S	189088058fa45a3f22df5d504a6c11b5071bba57	0a0c4d43603c5ee96cecda8164831603c8b6e6cf56a44cc03767d9083a8d5733	immutable
legacy-non-arm	lib/libc/mips/string/bzero.S	legacy/non-arm/mips-pic32/lib/libc/mips/string/bzero.S	9cb522603310e31479b9f32617c72d6433f5bf0b	26fd8fe799e40c850d427e909e39aa1dc26719ba9eb891fe9b3e0478b5fa649a	immutable
legacy-non-arm	lib/libc/mips/string/ffs.S	legacy/non-arm/mips-pic32/lib/libc/mips/string/ffs.S	c07b89341f98b27887f00896814cf353d8f1c4f1	1952f7ce403ddb4b860d7cdb32e09ce2cf8f3d2e1ec49932490015962d3b3b9c	immutable
legacy-non-arm	lib/libc/mips/string/index.S	legacy/non-arm/mips-pic32/lib/libc/mips/string/index.S	cb7dad3cab95c24b868a1aec5ba0cacf6c4432af	5f1950d5672f433481becb99bb77e1917af87b2bec8bb028e6a7c4b9caf60b45	immutable
legacy-non-arm	lib/libc/mips/string/memcpy.S	legacy/non-arm/mips-pic32/lib/libc/mips/string/memcpy.S	1617c7153aacb56acdf18e6b6be9d4eccbd796b1	3eb0753fc1a80d57489e49e904aca7f316000970d2378956ab0f46dbcdfd80f4	immutable
legacy-non-arm	lib/libc/mips/string/memmove.S	legacy/non-arm/mips-pic32/lib/libc/mips/string/memmove.S	f5a94ed4937e8f76f06bf68276664047352311fc	887b0517d505c259af919510d812248028ad8c8248cad9418aac599c85620127	immutable
legacy-non-arm	lib/libc/mips/string/memset.S	legacy/non-arm/mips-pic32/lib/libc/mips/string/memset.S	286fac3ac3a7aa759497401c98cab888597a64ce	eaaae80c992a4aefc437eacadaf5a2e0466e50abafe65b1af9dce3e6300dcfaa	immutable
legacy-non-arm	lib/libc/mips/string/rindex.S	legacy/non-arm/mips-pic32/lib/libc/mips/string/rindex.S	3c469320757dc352b9cdecc7c96af01d03e86efa	99fbdd72d4621b84fed5be99bfbe72b667834a1e98e2a7a554b350703f6ee02e	immutable
legacy-non-arm	lib/libc/mips/string/strcmp.S	legacy/non-arm/mips-pic32/lib/libc/mips/string/strcmp.S	ed2065419fb914ea33d2f67af10c1acc9bd05e7a	539b51b7be42e248aed512fb1356d3b5793de237453ac04d2f540ddc3df2c231	immutable
legacy-non-arm	lib/libc/mips/string/strlen.S	legacy/non-arm/mips-pic32/lib/libc/mips/string/strlen.S	b2184791949dc4cb21b79680c5be20504311ec6e	4120eeeca6cde8fc617a7bb814ef01eca1a601090e23754d07d3899635867657	immutable
legacy-non-arm	lib/libc/mips/sys/Makefile	legacy/non-arm/mips-pic32/lib/libc/mips/sys/Makefile	e571637f3c3e4677a9a3e8037d8a4b635f7ed40d	b8bb18f7603c027312157c13a9a3fff086b0ddd6a9806498e7c8cd9fd0360706	immutable
legacy-non-arm	lib/libc/mips/sys/SYS.h	legacy/non-arm/mips-pic32/lib/libc/mips/sys/SYS.h	1f7f4d59b254683a97a0420df00a848aa1496910	8d9ae6e4bf9353d02b95321315f4879ff6958197d28995eb81d732c02bf8b267	immutable
legacy-non-arm	lib/libc/mips/sys/_brk.S	legacy/non-arm/mips-pic32/lib/libc/mips/sys/_brk.S	a0ae2a6ede894a14983b0aeaef62067d287211c9	20f3e49420184ebaf5fb0d1c63d3a605ff75d51645c924bed502d696ad285508	immutable
legacy-non-arm	lib/libc/mips/sys/_exit.S	legacy/non-arm/mips-pic32/lib/libc/mips/sys/_exit.S	9e0929b118c92dea71c094231ddb4b8819468b18	3789409ab7fe7341e1e4ba501623fd13860167b32823da83179a6c2d9574ecfa	immutable
legacy-non-arm	lib/libc/mips/sys/execl.c	legacy/non-arm/mips-pic32/lib/libc/mips/sys/execl.c	0b526286cb18fec29600ecda8ebfa165a56f7104	3d8209114e08e33ac3441810bd2115e4f359d239eba90c2ac4ab728f226d7a8f	immutable
legacy-non-arm	lib/libc/mips/sys/execle.c	legacy/non-arm/mips-pic32/lib/libc/mips/sys/execle.c	7d11e4b8634c0b6e97a2e6298ec772b922e819bb	79ec06f097618657553c9f3deac613b4a0d546abb634e02269d2676591622f60	immutable
legacy-non-arm	lib/libc/mips/sys/execv.c	legacy/non-arm/mips-pic32/lib/libc/mips/sys/execv.c	f34b7aa3f24f926ddc81ea0164ed84c8f0e7491c	139dafe06c33d84d9a81d053bc89ff80202f8e73f666eba00d8b3c133e3f45b1	immutable
legacy-non-arm	lib/libc/mips/sys/pipe.S	legacy/non-arm/mips-pic32/lib/libc/mips/sys/pipe.S	1e59ba0aef54c9952b38d2bda376cb0103cc8c7f	7bf6d3428b8e771c297dec0aacaa0958f2b2441d890cd31d2010184fc4fdad93	immutable
legacy-non-arm	lib/libc/mips/sys/ptrace.S	legacy/non-arm/mips-pic32/lib/libc/mips/sys/ptrace.S	03096e39f5c59b6efb19a09539e2e43f99958efa	b2ffcfa116c6e670b6779bee57a3ad63f09f444bcbf7d30740fb4ddb1d21e993	immutable
legacy-non-arm	lib/libc/mips/sys/sbrk.c	legacy/non-arm/mips-pic32/lib/libc/mips/sys/sbrk.c	58b56e6374c86d1567c2a20dcaa4370f60b5da67	5277feb9bcd171853523539cdd2651cb3be5d4e8864c4c86a6fad3c911649216	immutable
legacy-non-arm	lib/libc/mips/sys/sigaction.S	legacy/non-arm/mips-pic32/lib/libc/mips/sys/sigaction.S	5e0156a5e9e41bd448970211008256259cb57651	9944ea1bf48b0e264e4bb522712bfcae7679c88baedf1b635e21edf75317cf55	immutable
legacy-non-arm	lib/libc/runtime/sc_case.S	legacy/non-arm/mips-pic32/lib/libc/runtime/sc_case.S	f038c8c0cc497034b49be2ec869d6a52715ae5a6	a3e18983e99439955eebb5fe177b3ffb1114d8841fc4cf77caac4f5f0d11e942	immutable
legacy-non-arm	lib/libc_aout/libgpanel/Makefile	legacy/non-arm/mips-pic32/lib/libc_aout/libgpanel/Makefile	7b3b661e7aad063b9d5cdf0e7b54b95f55c17472	468df7cf62560f04883972aabf77c502d2743247e14de575d5f910ee9b9812e0	immutable
legacy-non-arm	lib/libc_aout/libwiznet/Makefile	legacy/non-arm/mips-pic32/lib/libc_aout/libwiznet/Makefile	8cf71e55c61cf1bd5f789470ef3c2dbc388182d5	6d59725d8ada1e9d8a72e99e527960a78295fd6bb98f799797de4d2e29caa80a	immutable
legacy-non-arm	lib/libgpanel/Makefile	legacy/non-arm/mips-pic32/lib/libgpanel/Makefile	aa23ea0262955118f4cb82d7120be9c107f52c89	5b5968f48e1ac36d131af1c31d8ea0562c9e2dbca427a56887f3bb245f48b629	immutable
legacy-non-arm	lib/libgpanel/char.c	legacy/non-arm/mips-pic32/lib/libgpanel/char.c	4e03c09d21389ea7eeede21f093cce130a2ccdeb	7c9440bd3e40618fc3e918f81525fafcbd4ad6daedecae4526b5eefecfd805b5	immutable
legacy-non-arm	lib/libgpanel/circle.c	legacy/non-arm/mips-pic32/lib/libgpanel/circle.c	fbaa9fa1bf0ff4b8b9b2812525fef3a22b02ee06	f0ab84837fd29be4a8758773ac4b406ccd41774220c93d982e213c279dd7018b	immutable
legacy-non-arm	lib/libgpanel/clear.c	legacy/non-arm/mips-pic32/lib/libgpanel/clear.c	6fdc12f4f48638d9824c3bd1160b71e747e1162b	988d812eca170ee7d64efc9429e2e5c9be00eb0ec9e01380ce1995c7071ba791	immutable
legacy-non-arm	lib/libgpanel/fill.c	legacy/non-arm/mips-pic32/lib/libgpanel/fill.c	b503af3248b0673f52d340734c268c9485ebff0f	7120ff7375f3a721d6f02b11d692e64d5048143ee53382457ee98e16524e0796	immutable
legacy-non-arm	lib/libgpanel/fill_triangle.c	legacy/non-arm/mips-pic32/lib/libgpanel/fill_triangle.c	8f64a856c83adda2b00432f540348a564e9d5025	b461c577a0101d4b6cf03fa070fbcf1d19ec87b06b19446469485ecbf80c9df7	immutable
legacy-non-arm	lib/libgpanel/gpanel.3	legacy/non-arm/mips-pic32/lib/libgpanel/gpanel.3	58f7b51ed2f87b3a908c2c5f698e3dce3e94013f	6ecc66b9135af9a36da6249b56ade438061469d1969be539d6e4e1cd20a8a646	immutable
legacy-non-arm	lib/libgpanel/image.c	legacy/non-arm/mips-pic32/lib/libgpanel/image.c	0a53a6c24c74b5bc4323e4fc9251c7521070a6e8	e3c85d37ccb872d048d7897663df6101cc3a459698fd4d42eed30457ceeb9375	immutable
legacy-non-arm	lib/libgpanel/line.c	legacy/non-arm/mips-pic32/lib/libgpanel/line.c	5a568922f93818609c8be9f8d6d7998768084ef6	7519324ee8ba687be67f14d9c54846b04d110cf4a5dae7d96846968229dc9b9f	immutable
legacy-non-arm	lib/libgpanel/open.c	legacy/non-arm/mips-pic32/lib/libgpanel/open.c	37fa62fc7022686551e40dee933cab580b7e2c40	a3f1d74e742bbda4be397fc399abdb51bb9964a79e92b15fdc4b97d88cc6e259	immutable
legacy-non-arm	lib/libgpanel/pixel.c	legacy/non-arm/mips-pic32/lib/libgpanel/pixel.c	7558e1f2f537710e746a60b658c6bd8653285702	911f02fb815bb5be21ce5968ee4eb44d6bfe658055ba85d8d1c624eaf7cdbb28	immutable
legacy-non-arm	lib/libgpanel/rect.c	legacy/non-arm/mips-pic32/lib/libgpanel/rect.c	831d153aea8249106a089f0e1dc57eb48303b2d8	e2423de75c8f045b3e958f2a784a0c8c895abd2ead70b5e10fd029ccc5a0ae14	immutable
legacy-non-arm	lib/libgpanel/text.c	legacy/non-arm/mips-pic32/lib/libgpanel/text.c	58fe631e6acb65af04ff70d57f9ee3f86ec194e8	d00b99fa36cdea4eb1efdaa3303ca6eb8a9cba4696b49fd223e18fc37e707558	immutable
legacy-non-arm	lib/libgpanel/text_width.c	legacy/non-arm/mips-pic32/lib/libgpanel/text_width.c	d6237bba111db82ac8964a6e4ed9476b9647d87f	ff7ca6ff62c548ff5e3a7fa338cd0bf27d90840c5b5b8f8d4cfd15b844b492ad	immutable
legacy-non-arm	lib/libicache/icache.ld	legacy/non-arm/mips-pic32/lib/libicache/icache.ld	de4dd5c62539473925edfc15cbb74e73e1a61411	00ae385e6ff0b8ebf3974530809aa323301200430167224077eadc1a9dce4673	immutable
legacy-non-arm	lib/libicache/icachec.c	legacy/non-arm/mips-pic32/lib/libicache/icachec.c	2720ef2587ebda268380d10258e76836d4652840	9aacb21bec4b8c75a48fb8aee81ca20daac2d2a13891c08572bc6661d6a51425	immutable
legacy-non-arm	lib/libicache/icaches.s	legacy/non-arm/mips-pic32/lib/libicache/icaches.s	837971f08ea0604013251c712f45b205bbe38230	fea1ff67099e1fedac6e90727ea5dc0258c146a17c9fca7688376c902ec27786	immutable
legacy-non-arm	lib/libicache/license.txt	legacy/non-arm/mips-pic32/lib/libicache/license.txt	449e8edb8d151757efbc5632d81dd49560e252ac	089aa333518952da8843bfaf18ed3704bb0bbf86471998547afb2b1b9b7768ae	immutable
legacy-non-arm	lib/libicache/readme.txt	legacy/non-arm/mips-pic32/lib/libicache/readme.txt	8cdb63b7ee4a675805f5d90c5946ac82be1f686d	eaf237715b7fd37a3cc93b1b6c4ecc704be6c2f1fc4707da5f16764ae8c3fb0f	immutable
legacy-non-arm	lib/libwiznet/Makefile	legacy/non-arm/mips-pic32/lib/libwiznet/Makefile	af9e516ddaf65172730823aa324609e72613aef0	185079d18c5795c77a93579c6f695764be39dd5c41c41bd236877911171ee30d	immutable
legacy-non-arm	lib/libwiznet/client.c	legacy/non-arm/mips-pic32/lib/libwiznet/client.c	fa401233d6b77990594898713006177cb2d8d8dd	e26758ed5a981b40c44591b6de4641ec42d3c3f2b95ecc5926eab7434dc1731d	immutable
legacy-non-arm	lib/libwiznet/ethernet.c	legacy/non-arm/mips-pic32/lib/libwiznet/ethernet.c	ce1f9ccb84d67bc69336e48b7ce54a61fa69500f	19b69893571221fc260a0bc590bcbb84bbd81b039170c0b933e4f8c354afb43f	immutable
legacy-non-arm	lib/libwiznet/server.c	legacy/non-arm/mips-pic32/lib/libwiznet/server.c	b9dd766c7ec459230b27be5ad94375dde36f9992	f87fa3a8299c3d9a3d1d1ca5f84b1bcf472ba679b0a5d512e22df71dfae7d956	immutable
legacy-non-arm	lib/libwiznet/socket.c	legacy/non-arm/mips-pic32/lib/libwiznet/socket.c	53c6abdd20cf38051cd6c85f3c810e67cc72ac3f	49964fd10b62627864f5e5e19dd6bd343428a987058e534dc7096cee199871e2	immutable
legacy-non-arm	lib/libwiznet/udp.c	legacy/non-arm/mips-pic32/lib/libwiznet/udp.c	0c98adfa583cb4599844d43f9bb1e39fdbb79449	88de801bd9275de1e713cea46dedbc87b5008daea17904b4f8f8b534e40c9113	immutable
legacy-non-arm	lib/libwiznet/w5100.c	legacy/non-arm/mips-pic32/lib/libwiznet/w5100.c	9d29615bd35d3c5b5d0bb634e8ffdd7199ef8d50	81280a5a80a54f0815317c6e655ed3cf8d38553a2640eda9675986972d364044	immutable
legacy-non-arm	lib/startup-mips/Makefile	legacy/non-arm/mips-pic32/lib/startup-mips/Makefile	7ad4a8432404662d6daae9c4d9f4a7713f06a125	737f3e314fc392796666edcd5fa7e2382c2459852fcc478afc19710e5b89d4e1	immutable
legacy-non-arm	lib/startup-mips/crt0.c	legacy/non-arm/mips-pic32/lib/startup-mips/crt0.c	7b08019d0608c22e038edaee5c77505d140ac1af	a7e2ee8d352710e6752b74cdb3af44ab1e86c41787257b7cf691607c9d57d93d	immutable
legacy-non-arm	lib/startup-mips/mcount.S	legacy/non-arm/mips-pic32/lib/startup-mips/mcount.S	9fe23d3f9f7755d3e81b0690ab64ebde09f22fa1	53f0d293c6a49e2623e358ed84a46ade136e62e5f1c231fb4dde2fa59525b78c	immutable
legacy-non-arm	lib/startup-mips/mon.c	legacy/non-arm/mips-pic32/lib/startup-mips/mon.c	22981a0ae4fdf3c17a18419d4669611ea6308e2b	7499fd50fbe96f881704e4cdfb4996c4434d2aecbe78a15319d50a0d66be0f6d	immutable
legacy-non-arm	lib/startup-mips/mon.ex	legacy/non-arm/mips-pic32/lib/startup-mips/mon.ex	b6c3116596817ca72b24b129de078c546b42eb5d	0e2d1a34fec75a0ffa9d1d8dd119a82dc4a96a6f4e8c12e4c0920eb4cdca6fb3	immutable
legacy-non-arm	share/examples/asm/Makefile	legacy/non-arm/mips-pic32/share/examples/asm/Makefile	27b66d97c3ca99735decb16630f370a2ceaf55f8	764590b3617b3ec094c4357ad93c99a04acebd8e48844d390c6213ea1060e949	immutable
legacy-non-arm	share/examples/asm/Makefile-host	legacy/non-arm/mips-pic32/share/examples/asm/Makefile-host	f118a53ea374e74067d6baa6fc96ff0b0f1251d7	b19d946c52409c8e0455c59c83d4033d64e797cb5913997bd655793f4c3ef97f	immutable
legacy-non-arm	share/examples/asm/ashello.S	legacy/non-arm/mips-pic32/share/examples/asm/ashello.S	51c2e5849f180c74643c045127de1c2e86a57f8b	b95d72efbba1c44f65cefe60c156e0261cc0edb4ab61ac393630b15832fdb5f4	immutable
legacy-non-arm	share/examples/asm/echo.S	legacy/non-arm/mips-pic32/share/examples/asm/echo.S	12087a0237c8249b489a2e7f4a6db1bb11859824	b3736acf76039543ff7945641837ab3ebffcedadaf35fd7b48f3a521df69bba8	immutable
legacy-non-arm	share/examples/c/adc.c	legacy/non-arm/mips-pic32/share/examples/c/adc.c	af0efe3407fd7768e55e5583ddc58625c5ea2641	cd951cab5b93e863e8e3b2c345414eee7bb04d550f539c8e3b3afe686a7ae283	immutable
legacy-non-arm	share/examples/c/gpio.c	legacy/non-arm/mips-pic32/share/examples/c/gpio.c	f6b6ba2073459c1a37b86d597f8620bcbbb6cceb	a51f968fb34b3b8a5a10bcc7cb13ea2d626ace0e72dbe25ca48868698196129a	immutable
legacy-non-arm	share/examples/c/lcd6.c	legacy/non-arm/mips-pic32/share/examples/c/lcd6.c	9adef469cc90ee9f4270d7bd5b3ffa922b1a6ee4	c1b8b7267a7ff1cc4f988437933c9246df7fb5d7f925be026318c773d8b2334d	immutable
legacy-non-arm	share/examples/c/tetris.c	legacy/non-arm/mips-pic32/share/examples/c/tetris.c	2e0612da2432f96a807cb666892f05f36e3febfa	feb05581df8d0d6c742fab4e7d6197857b09b90e45ae8295350293666455fe52	immutable
legacy-non-arm	share/examples/cube/Makefile	legacy/non-arm/mips-pic32/share/examples/cube/Makefile	e576ed90bab73c3799e97cc683d087253f2f724d	55d0a1d0b74a3951ecc432d1897e8427b382ae4a54519fc70ea2b1f3a657229b	immutable
legacy-non-arm	share/examples/cube/Makefile-host	legacy/non-arm/mips-pic32/share/examples/cube/Makefile-host	22f71388ee28674a62ff14b63cfb7ecd36e500a9	b7230753d2e234f09e3bb1e8f217f933e7730cab3340c0f9d78fbe2b4629a91b	immutable
legacy-non-arm	share/examples/cube/README.txt	legacy/non-arm/mips-pic32/share/examples/cube/README.txt	169d7418e531cc73fa123761395a86441c1def4f	5f2623088b0f708dafe2c060ac6e0676a6a923dea0367b74cd91cf9cb22cf774	immutable
legacy-non-arm	share/examples/cube/all.c	legacy/non-arm/mips-pic32/share/examples/cube/all.c	53539a131554636fc7cabfd99ff7039e248123a3	f6cb5173420d6af84771888b0ca4cc6f5a60d0213b3c01a0ab630980adf69f2f	immutable
legacy-non-arm	share/examples/cube/backlight.c	legacy/non-arm/mips-pic32/share/examples/cube/backlight.c	3f5d20a94d920b8e4039f7ef8b76acd1cbddc6ab	fa9a395ec60135ccfe60174f5f642fa751a80351fcc2bec500a2646aff441cf2	immutable
legacy-non-arm	share/examples/cube/board.jpg	legacy/non-arm/mips-pic32/share/examples/cube/board.jpg	1d89fcd3aed93bf504a27acbbae9240ef2260a27	0e6d3b798b9d07f54f96666c858182c692ba34e7657dc2e79dc45c47fed8949e	immutable
legacy-non-arm	share/examples/cube/cube.c	legacy/non-arm/mips-pic32/share/examples/cube/cube.c	c4f77e5e3920392ab3b769abac705f93878a3715	55c744cfe708283c4b2ca315bb0676b867f92d9c88ac41081893b67eded8f676	immutable
legacy-non-arm	share/examples/cube/cube.h	legacy/non-arm/mips-pic32/share/examples/cube/cube.h	a4ae981c250438cd4b87329354ee6a4bff9a49d5	1c3af8889d37cda923d21528c191309171696e962bc22e57cb16234dd1b066f0	immutable
legacy-non-arm	share/examples/cube/demo.c	legacy/non-arm/mips-pic32/share/examples/cube/demo.c	fad8f36ebbf07ec849d00f542a6394c4e9ecddd0	74eca4c27fe185df83039fc41ded1c92c821867acfe63e6368a64d54ad6ccc0f	immutable
legacy-non-arm	share/examples/cube/duinomite.c	legacy/non-arm/mips-pic32/share/examples/cube/duinomite.c	fdedadbfac8de7ab73b0a1146df3ae0d5dac4631	af9e77a1813427d4df2e869559c0cd60f0b8ca1e8293d4e4081590cd4e8b935d	immutable
legacy-non-arm	share/examples/cube/fubarino.c	legacy/non-arm/mips-pic32/share/examples/cube/fubarino.c	022da4815d6956424525ba952780ab90a9ae1b7f	732bd97dfba0f11511ccf351128314011f5d0685a67bba9c6b907ca59f0107cd	immutable
legacy-non-arm	share/examples/cube/schematic.jpg	legacy/non-arm/mips-pic32/share/examples/cube/schematic.jpg	87b531a78736079df5df1a5abc6dad0591ed431a	15bb7b0d2f63bfa4766c393485d9c580da24be79ab419523d738f8eb3146401a	immutable
legacy-non-arm	share/examples/gpanel/Makefile	legacy/non-arm/mips-pic32/share/examples/gpanel/Makefile	7bb2f4bd94a4705d1e85ec43249e4c91fd6e27d1	13a3431080d2dbef9c3c4c2afd1bd51b7f64e4e87ee426aa129b88495114bbd2	immutable
legacy-non-arm	share/examples/gpanel/circle.c	legacy/non-arm/mips-pic32/share/examples/gpanel/circle.c	8d36965f3916cbcf8c7cc6297c4d972a85a874db	1772c143088fb08715f59543e1c4b5f464fb6cbcd23e43ea95ce646b6c5c307b	immutable
legacy-non-arm	share/examples/gpanel/color.c	legacy/non-arm/mips-pic32/share/examples/gpanel/color.c	07beee55da0693477d7eacae09400bceb92fbe99	26fe02d5f420eb3925c3826710d7b7993f7a87ed46ff17a7d0f92f36d25ddf45	immutable
legacy-non-arm	share/examples/gpanel/fill.c	legacy/non-arm/mips-pic32/share/examples/gpanel/fill.c	1cd0ae0a3c417693035c77c2e6d95f3b36faf537	bce5c0437c9f4cc625799f66cfb9be2f910ab49c88ee28ff3ab83b2603a68dd2	immutable
legacy-non-arm	share/examples/gpanel/flappy.c	legacy/non-arm/mips-pic32/share/examples/gpanel/flappy.c	090abbe4b718bceb7e325311a35e5eb9cef434bf	efaa1e6f0014dbcb67868beab536f992572142e8666f6b28cea02663c07e458c	immutable
legacy-non-arm	share/examples/gpanel/font.c	legacy/non-arm/mips-pic32/share/examples/gpanel/font.c	70fb3eb1e8f4c229fe4d45900edfad9916a11364	26b00d83ba6b05ec0d7ae9d8d57eed924f629cc2042b8a1797bc77cdd31e71db	immutable
legacy-non-arm	share/examples/gpanel/fonts/5x7.c	legacy/non-arm/mips-pic32/share/examples/gpanel/fonts/5x7.c	0a72bd97edcb6902cc83d78c461e28650b9f8007	7dbe83cf3d1f5751bb7ba532ec5f24a88928fc4080aa52f9ac6e5081e8fad604	immutable
legacy-non-arm	share/examples/gpanel/fonts/6x9.c	legacy/non-arm/mips-pic32/share/examples/gpanel/fonts/6x9.c	135b37ee0c178f84c5b06fb83e95b11f35321b89	1a43c9549da4cdfde05555c9f1bbe85653030a0dcf817b810ceec7dea93541e9	immutable
legacy-non-arm	share/examples/gpanel/fonts/Makefile	legacy/non-arm/mips-pic32/share/examples/gpanel/fonts/Makefile	7178afb46b303bfa6f152743bd05c1b48b24b44f	74cdfe171c1704cfecc27aa01183c12e636d4f0efae8ea8c01ce1ba8e16c7a6f	immutable
legacy-non-arm	share/examples/gpanel/fonts/bdf/5x7.bdf	legacy/non-arm/mips-pic32/share/examples/gpanel/fonts/bdf/5x7.bdf	d350138b247184a747a5590bf09090042934ed1b	4371f26897dda5bb16aaca76016ec0fb4f5d6e5a06a645656a2a17e19f74450a	immutable
legacy-non-arm	share/examples/gpanel/fonts/bdf/6x9.bdf	legacy/non-arm/mips-pic32/share/examples/gpanel/fonts/bdf/6x9.bdf	9fd9d846b2686bb31f54c9a51db59653bbcf3f6e	455bede031d9e55153c829a7456773f931cf8a5d2401b70a4825141d337c130d	immutable
legacy-non-arm	share/examples/gpanel/fonts/convbdf.c	legacy/non-arm/mips-pic32/share/examples/gpanel/fonts/convbdf.c	f62259349cb6dbe05dbd53a458ecaee5b2273c0c	197f05f894714f6a190274c61839fdece727f71f051d23b4f99b94cc932a7cf3	immutable
legacy-non-arm	share/examples/gpanel/fonts/digits20.c	legacy/non-arm/mips-pic32/share/examples/gpanel/fonts/digits20.c	92ddf07f06fa30a6f879a2b8501c0b167957b2cb	1f1c04234b4170bc0dae63d663e20909771f16586423b1bb7ee156bb47422cbe	immutable
legacy-non-arm	share/examples/gpanel/fonts/digits32.c	legacy/non-arm/mips-pic32/share/examples/gpanel/fonts/digits32.c	95edf3ef7f7195c0422b530d9e0f917041242b3c	ab6547c2312ebadc3e971da9675891e37f75ffef9a7ab6d7b90c98649f616b40	immutable
legacy-non-arm	share/examples/gpanel/fonts/lucidasans11.c	legacy/non-arm/mips-pic32/share/examples/gpanel/fonts/lucidasans11.c	4cb5c627ba42b96fece5e3f827a66ce91695a310	f1373e8df8b83bacdc4e37d8d31d7fadb92a9adfb28e6af15168552f48721463	immutable
legacy-non-arm	share/examples/gpanel/fonts/lucidasans15.c	legacy/non-arm/mips-pic32/share/examples/gpanel/fonts/lucidasans15.c	b6692032f74c4731feb84dac2f6fb5d352ac2d32	a5744c784c70a27a26ea1df3e11ffde327823bdf89eff1df8550bc1de8ffc7ab	immutable
legacy-non-arm	share/examples/gpanel/fonts/lucidasans28.c	legacy/non-arm/mips-pic32/share/examples/gpanel/fonts/lucidasans28.c	1d0998fc1340e0075fbc979f582371a3ed690fb6	b05c16cc5e9a84db96993a80aa47f3a0305306d227e5ee1072345c191f968512	immutable
legacy-non-arm	share/examples/gpanel/fonts/lucidasans7.c	legacy/non-arm/mips-pic32/share/examples/gpanel/fonts/lucidasans7.c	2bd27b315c2c5d3578a89a94400c497b9f86317e	8d9289e45d3c23bc6e9d4383dc9c30f832e5c23e827f637069881e637ef12eec	immutable
legacy-non-arm	share/examples/gpanel/fonts/lucidasans9.c	legacy/non-arm/mips-pic32/share/examples/gpanel/fonts/lucidasans9.c	6ea1c2f0cd3af6d9d207718c2c95111b5af210c2	62d0a4c2462d778d5e8f12d0dc413322928a71ad0e49e2bfbdaa9261c56ef5d5	immutable
legacy-non-arm	share/examples/gpanel/fonts/ttf/Lucida_Sans_Unicode.ttf	legacy/non-arm/mips-pic32/share/examples/gpanel/fonts/ttf/Lucida_Sans_Unicode.ttf	1c7e52245403edc8efe851015e73b2861dcd6c07	7f72ccb8a7613b0652e2ab88de68a5a1dbba807bafe7d2010a4afe3a289d4763	immutable
legacy-non-arm	share/examples/gpanel/fonts/ttf/Verdana.ttf	legacy/non-arm/mips-pic32/share/examples/gpanel/fonts/ttf/Verdana.ttf	754a9b7b39381cc790f17f470212252974904dd7	96ed14949ca4b7392cff235b9c41d55c125382abbe0c0d3c2b9dd66897cae0cb	immutable
legacy-non-arm	share/examples/gpanel/fonts/verdana7.c	legacy/non-arm/mips-pic32/share/examples/gpanel/fonts/verdana7.c	2a3b7f5f32ebebaedcabc463615033d48c8aab63	8ec69603ecb44c84b949a1e143205c49c8900933613f4bfd929f27da46d05315	immutable
legacy-non-arm	share/examples/gpanel/line.c	legacy/non-arm/mips-pic32/share/examples/gpanel/line.c	56443300cdd1a2caf0de0748e5b7d48e610ffde6	88fd01fcc5297d2168a245090fff62570653d1499909f913ace1023dbd240012	immutable
legacy-non-arm	share/examples/gpanel/pixel.c	legacy/non-arm/mips-pic32/share/examples/gpanel/pixel.c	705f76ea2ceba16548218b6f9c03e6fbdfc20a8c	9cf7421b93c6b3e654dab4c83c60a88c47762e8e005f37b87c7c31149606b960	immutable
legacy-non-arm	share/examples/gpanel/rect.c	legacy/non-arm/mips-pic32/share/examples/gpanel/rect.c	351b663233aed24b88b0597fc133c5ab336a975f	5ca82afcf370f52bc6f5c2e1021572ee6862e1c66226a656c3691527bf36976f	immutable
legacy-non-arm	share/examples/gpanel/speed.c	legacy/non-arm/mips-pic32/share/examples/gpanel/speed.c	9813275a92c42ad8605d7d6973b0de29828102e3	65b86c9c93eb2980a096716927617e519fca512cde0e4726dcde839c2db7ce52	immutable
legacy-non-arm	share/examples/gpanel/tft.c	legacy/non-arm/mips-pic32/share/examples/gpanel/tft.c	bc7fcad7d2527ea377306e0cec57dbaefc311a21	846d7e8ba828ecbcd6d2007be7e7552cd3b38c270e72265e2dba7721259480b2	immutable
legacy-non-arm	share/examples/gpanel/tftetris.c	legacy/non-arm/mips-pic32/share/examples/gpanel/tftetris.c	7e120526e02d110f015f979bfd79cebfeff2d896	27aaba14c203ed90763e49707216d757ebe16f41127c6c88b1dc069e95eb4f54	immutable
legacy-non-arm	share/examples/sensors/Makefile	legacy/non-arm/mips-pic32/share/examples/sensors/Makefile	541e92241efa6e4261e6ecbb156c38651620d7d2	b14ec07c784f39824d0c8ae8776e0df89ab761f2195ffcd94d1083ea2240e478	immutable
legacy-non-arm	share/examples/sensors/README.txt	legacy/non-arm/mips-pic32/share/examples/sensors/README.txt	7d94c53b27a4b1ed2715b2af7e6c5cf872571605	eacb9de1de6382527c99965087ba4fc3ba7548a6561d7ad725d4c07607068c94	immutable
legacy-non-arm	share/examples/sensors/buzzer.c	legacy/non-arm/mips-pic32/share/examples/sensors/buzzer.c	e3195ec521f805a44db31a511b70c2f48f32178d	c3148edcb27ec0f46fe24bd1b3128346797e200827bf007490073a320a4b5dcb	immutable
legacy-non-arm	share/examples/sensors/buzzer.sh	legacy/non-arm/mips-pic32/share/examples/sensors/buzzer.sh	f6a02fe442d430d230213625b16264235a05a4f9	d894e3a480a9d0b3127ca1b534e3ecc9df8ab80c8375cb09099fcdf6bcf9ddb2	immutable
legacy-non-arm	share/examples/sensors/irled.c	legacy/non-arm/mips-pic32/share/examples/sensors/irled.c	87fd73882377b1e3d606e08bb1d86ce61250a52a	b81b4cad90943f57f85029b433468cd5888a07649aef22e30f04057282c84a26	immutable
legacy-non-arm	share/examples/sensors/joystick.c	legacy/non-arm/mips-pic32/share/examples/sensors/joystick.c	91af108a6b7f546e1faef29b22e960cd65514fd1	e922ce9e7b0d14c514e7de6d981aef77392417267f03fce79f2e186c2bc82085	immutable
legacy-non-arm	share/examples/sensors/laser.c	legacy/non-arm/mips-pic32/share/examples/sensors/laser.c	1337c1b18ad6a57441d30f70d88a32a1ee082b65	cd28bb8b3f1863a4809c6b76b00cad718f6978eff1a2f5c989244b5598615fbc	immutable
legacy-non-arm	share/examples/sensors/laser.sh	legacy/non-arm/mips-pic32/share/examples/sensors/laser.sh	2c76302490e14f45ba5afd235af93525baa492d9	9d4699c14ef8dd6785da7a88df80e3c94c896b7a1af590c1ae7ab6589104f9bf	immutable
legacy-non-arm	share/examples/sensors/led2-portio.sh	legacy/non-arm/mips-pic32/share/examples/sensors/led2-portio.sh	6e47fa72a6c9aedb44c7c4d41ae5ace661af678e	041a6bc93853ecc558836c3f570508a60d45d7799276ad15fc79d778f36f0232	immutable
legacy-non-arm	share/examples/sensors/led2.c	legacy/non-arm/mips-pic32/share/examples/sensors/led2.c	21138d9e826f7a9a839264887e459120ce42f1d4	b38a7041c3af23ba64e941bcdde1b8b30be3d21bcc00c1640801cd82b5d052d4	immutable
legacy-non-arm	share/examples/sensors/led2.sh	legacy/non-arm/mips-pic32/share/examples/sensors/led2.sh	cb4e801f7acc2dd2a45c3a47c5311fe7bd7abdf2	51f51f702104f1ef6aa99cd0d0b1a2f6e435ba53f884973b06ac0873e0d5e1b5	immutable
legacy-non-arm	share/examples/sensors/led3-portio.sh	legacy/non-arm/mips-pic32/share/examples/sensors/led3-portio.sh	f8dd9d4aa8ee61d36396bbb42c7de2a9b44bde93	6c980d79c4e31d349fdd73699d78baa07b434341c0be41704a24ed293fbb0a89	immutable
legacy-non-arm	share/examples/sensors/led3.c	legacy/non-arm/mips-pic32/share/examples/sensors/led3.c	4b3323fdea3e7e9e8a7e8b2c066dcb196a8f01b1	d881baddd40bde0906aa1f99acfffde6527c05468d1b1fe884eb8f8efb5c09b8	immutable
legacy-non-arm	share/examples/sensors/led3.sh	legacy/non-arm/mips-pic32/share/examples/sensors/led3.sh	cbc448699e4e650f1485e5e85ed24b95e1b6e43b	8ddad28008f6e86e942856759727a649c463aa95aef50d1f1a59700d21f9c113	immutable
legacy-non-arm	share/examples/sensors/led7.c	legacy/non-arm/mips-pic32/share/examples/sensors/led7.c	91056116f9a8e8f9d18923362b4e1b06f427c854	d713dd1575b6a2c35cc68fb181a038ee96baad0a1dc14aef4dbf087b681bb347	immutable
legacy-non-arm	share/examples/sensors/pbuzz.c	legacy/non-arm/mips-pic32/share/examples/sensors/pbuzz.c	1bf23bcfc2f8a7bbe7fb325e723934f785703bb4	ca507c80d6feaef46d760144b97992d0e575408657f512823cd940ec5ef0a924	immutable
legacy-non-arm	share/examples/sensors/relay.c	legacy/non-arm/mips-pic32/share/examples/sensors/relay.c	119e9c8c0a2509dc44e72439ba9857c3fe3be275	6ad1b91c2736d85ba78ee8c341153c817d9d5083d8b38c0393ee0f3bfceb8dbf	immutable
legacy-non-arm	share/examples/sensors/relay.sh	legacy/non-arm/mips-pic32/share/examples/sensors/relay.sh	2c76302490e14f45ba5afd235af93525baa492d9	9d4699c14ef8dd6785da7a88df80e3c94c896b7a1af590c1ae7ab6589104f9bf	immutable
legacy-non-arm	share/examples/smallc/Makefile	legacy/non-arm/mips-pic32/share/examples/smallc/Makefile	8c17d239130ab14fb079d44849a07026b97321ad	11486fc9b720b2a2e503c193f6ab6240a95a0a6575fe586d09eb181d4405e5ed	immutable
legacy-non-arm	share/examples/smallc/adc.c	legacy/non-arm/mips-pic32/share/examples/smallc/adc.c	79a11e02832a8a26401b1b6348886e1edf29b18a	039d0263687c947a04102247e015e16eb9d680891046f4163d34fa668131a052	immutable
legacy-non-arm	share/examples/smallc/gpio.c	legacy/non-arm/mips-pic32/share/examples/smallc/gpio.c	fd667e1c19dee242818c46c40a2b05361eacd72b	7e33c3a78e21e8294989ba00b5676a6c5b2c929bb7fdb5ec8808658cc6bfc227	immutable
legacy-non-arm	share/examples/smallc/hello.c	legacy/non-arm/mips-pic32/share/examples/smallc/hello.c	645e00e3cb2292d7ed93bcec18beb0e513d17aff	b3b9e4eb7368d90a600914b961ddbcb1c091127074d28916574ee263731fb667	immutable
legacy-non-arm	share/examples/smallc/primelist.c	legacy/non-arm/mips-pic32/share/examples/smallc/primelist.c	3df189fed9568767f9c8528a083a5eb143f51da5	696665e277e4878eef95c89d26314f3463cb882a61f7aa30d1698eee4bcebaf0	immutable
legacy-non-arm	share/examples/smallc/primesum.c	legacy/non-arm/mips-pic32/share/examples/smallc/primesum.c	81acb3e9e05c97f6815ab113fab12a6996ab1dad	f373c22836743455be6d4c09ee1a40eacfbfd3a5e31fd6364de0bc8d25be7637	immutable
legacy-non-arm	share/examples/smallc/q8.c	legacy/non-arm/mips-pic32/share/examples/smallc/q8.c	e4f90e2f5d0203e5d0727405b7adb08f873f2471	f9c74118aa0d93366f8dcca31832b68134ef3558ef7bcdf28242783ce2223e33	immutable
legacy-non-arm	share/examples/smallc/rain.c	legacy/non-arm/mips-pic32/share/examples/smallc/rain.c	d0a617dfc041796e9b67eccb7e11e7e9e8d74d39	1b50f3807c18cd3d81ca1c49f6e2879840cc4eeba0fcf2e05f4103321c4e52e6	immutable
legacy-non-arm	share/examples/smallc/test1.c	legacy/non-arm/mips-pic32/share/examples/smallc/test1.c	182ec29e4b832d0e90d33fa28c7ef71e1bc77162	a57604075e48e57e9e31a74a5150306ba5d81679e07cc14aec60d2bcecfc70dc	immutable
legacy-non-arm	share/examples/smallc/test2.c	legacy/non-arm/mips-pic32/share/examples/smallc/test2.c	64f8cca9ccf3434139bb6ec05a688ff42b0bb1aa	e23dd110564e4e372ae702575c9f3a5707edcbe280d2bc300ad30e9d252d1e30	immutable
legacy-non-arm	share/examples/smallc/test3.c	legacy/non-arm/mips-pic32/share/examples/smallc/test3.c	edb0ab0f9d6d45da96d84e7b9a423287a14bff5d	2679a6f313ffd5f98abd821f0396d2e096820bd6b1a54b5b86cf0cd01f313487	immutable
legacy-non-arm	share/examples/smallc/webserver.c	legacy/non-arm/mips-pic32/share/examples/smallc/webserver.c	4f6a81d4f9c9b0e1b5822362aed267db7871e40e	a7245fb3574093652ba18dd8f9c9d0c7cab3e9636cd1a730ab222b1e63872a25	immutable
legacy-non-arm	share/man/man2/fetchi.2	legacy/non-arm/pdp11-vax/share/man/man2/fetchi.2	c008130674eb16b3814e0d2e6293a407c94bbf5d	1f9101f2b7f5a7bc78d9d6c74152d6f6a87bfa86a560ee6fe0751ecd47f26208	immutable
legacy-non-arm	share/man/man2/fperr.2	legacy/non-arm/pdp11-vax/share/man/man2/fperr.2	03c6fb8fbac168795392ca82214584fc561c9852	a74670ed038e7e18607d79417330af6e9f862f1aa8184820fc37ad89cf5e8f32	immutable
legacy-non-arm	share/man/man2/lock.2	legacy/non-arm/pdp11-vax/share/man/man2/lock.2	05f574f0e18a44abe0ecf70715d38318696da324	bfbf361502b2730b8a55aec1bd90a95156e2dc8243bd1fa85d14ed2e8f664733	immutable
legacy-non-arm	share/man/man2/nostk.2	legacy/non-arm/pdp11-vax/share/man/man2/nostk.2	95fafd00bf48eb8ba275d71413bdf2bcabef08be	2eec88d521868973972eade649af1c7f6a4e0ae5ffd3b8226719e3bfbeac924a	immutable
legacy-non-arm	share/man/man2/phys.2	legacy/non-arm/pdp11-vax/share/man/man2/phys.2	b5e974b8fbd6deb181755c9abea0ce9799bcbfce	5130862059d8c686fbe8ad81332d3d548f413830a667ff830943e61b22764206	immutable
legacy-non-arm	share/man/man4/acc.4	legacy/non-arm/pdp11-vax/share/man/man4/acc.4	16567890802c16b518f15f10097839d792bd9f23	e2dbf111409ba8834b3f761952a85ecdab16325d0ccd5d296b2848f47d0df8c0	immutable
legacy-non-arm	share/man/man4/br.4	legacy/non-arm/pdp11-vax/share/man/man4/br.4	2c07182287e241b0d6a79ea4886e22363a6d0f98	43b4b85a1e0b758acd0431133b9abd6c953a8e180e2c491f29a1f6ab136d7b9e	immutable
legacy-non-arm	share/man/man4/cons.4	legacy/non-arm/pdp11-vax/share/man/man4/cons.4	a4d9f841294110e10b048da29fb6d52164a8f3f8	8c673050bdc6d027377a445bfaaa014bfa0c9f0895ec97701e557fbc03e84929	immutable
legacy-non-arm	share/man/man4/css.4	legacy/non-arm/pdp11-vax/share/man/man4/css.4	fe63781059f167fc8751956ebb5db07a7338eff4	10412519d5041a37664be409d20460688ddab8ca8b95f45cc29ee86202ad13af	immutable
legacy-non-arm	share/man/man4/de.4	legacy/non-arm/pdp11-vax/share/man/man4/de.4	0a242fbcd685e04d85fb71225793463846997bb1	681975c87206c74dc84c60b4a27520b6b1ee8c7bf9a6b16bae7fb1ac87c47ee5	immutable
legacy-non-arm	share/man/man4/dh.4	legacy/non-arm/pdp11-vax/share/man/man4/dh.4	26cf5a4ad519bfe78b9f37e69a2fd630dbc0e123	24358813fe8a7303f046ddd00f9e0a3051fb6866032106490fba4f6b979505a9	immutable
legacy-non-arm	share/man/man4/dhu.4	legacy/non-arm/pdp11-vax/share/man/man4/dhu.4	40acbb2fccbae6c6df29088854b47afec030cf7c	016836a26d4d25e059074dc5b0dc1100873a61de244f2ba8706c6afec68fe01f	immutable
legacy-non-arm	share/man/man4/dhv.4	legacy/non-arm/pdp11-vax/share/man/man4/dhv.4	963cbbabb094ee58ef061a49a0715ea6ff98f0b6	9aed0335a0ad545bc969352d59fc305b31ccf8df00fcaaf7b334430672b7f2a3	immutable
legacy-non-arm	share/man/man4/dmc.4	legacy/non-arm/pdp11-vax/share/man/man4/dmc.4	bf78ae81c57c256324ca0bd711da2ed75a72af3c	8076fedcacd1b33898b26644bbb5e2ea6ff28f6dc855c9352276ef86ec94eae0	immutable
legacy-non-arm	share/man/man4/dr.4	legacy/non-arm/pdp11-vax/share/man/man4/dr.4	1e40737527f745d03165b3fac87a46e8a2e68aa2	8fc2a07a7c758a7a8e2f38366cec686c8bcab1c692ba9d8bb8d2c6ddc220f6c5	immutable
legacy-non-arm	share/man/man4/dz.4	legacy/non-arm/pdp11-vax/share/man/man4/dz.4	f30cb00e2ffa33858fbd1029d4cf876b24916922	92773bf20f5ee6f4eb443ac6b215699726b790c089a32df20518a7b22e4fd9f0	immutable
legacy-non-arm	share/man/man4/ec.4	legacy/non-arm/pdp11-vax/share/man/man4/ec.4	894a832cdc0f8a6fce8ef83904c9b08cb36b9c84	641f12267071baa4d74bdce97dc3314274106510d82c4c8284141dc5d42652c3	immutable
legacy-non-arm	share/man/man4/en.4	legacy/non-arm/pdp11-vax/share/man/man4/en.4	a9a7e1f1acab613638e95d3e6681cf436e405a65	bed5db491f97d209eed80cce154a46754b9ad4382e02a759c3e785aa3ac3f5ae	immutable
legacy-non-arm	share/man/man4/hk.4	legacy/non-arm/pdp11-vax/share/man/man4/hk.4	feef608327f02c3b795cbef7240ba88be352f3bc	3622fd86e310a84bd78579d606eb296ce32d283d638db8bbb9a16c5cd28b8287	immutable
legacy-non-arm	share/man/man4/ht.4	legacy/non-arm/pdp11-vax/share/man/man4/ht.4	210965afbe3dd8e3e0f7d137fe5c77d57d2cf06e	04e653fefe7cbf544a9ba9097f27cb5648235f3e3be123d5247cb2d8458185fb	immutable
legacy-non-arm	share/man/man4/hy.4	legacy/non-arm/pdp11-vax/share/man/man4/hy.4	b638a9b182dc936680e7ba7c0f19beac8860cbea	7d5a2134cfbc19d66852a65dcf63c1f51a4cf90b5a063b15e6cd3b82949f9ad1	immutable
legacy-non-arm	share/man/man4/il.4	legacy/non-arm/pdp11-vax/share/man/man4/il.4	8107d093a73d305b6b2e982392f83f8d066c5137	4ab3b9bce2def31205896a78926f0211ce74752519a708b7799ae70ad6ef6066	immutable
legacy-non-arm	share/man/man4/imp.4	legacy/non-arm/pdp11-vax/share/man/man4/imp.4	647b1277a05b7e7a87474fcaff31dc45633445ed	fceb57db8842eb9a4412c22f27f345623a9e5e8655f75806f483d9f013fd2242	immutable
legacy-non-arm	share/man/man4/impconf.4	legacy/non-arm/pdp11-vax/share/man/man4/impconf.4	ca4eefc56c08eb0dcf2975b99e9307f311de3c46	c158a8bc0874bdcb4a20fc6b17be530de27e6688f1c4217a64ca7cd9c1ad0d74	immutable
legacy-non-arm	share/man/man4/intro.4	legacy/non-arm/pdp11-vax/share/man/man4/intro.4	8cd2afff1737865c9dfb49cc6da9cb1eff23e19d	db16bf1f5e1550e17843f201ecdeec5130e12cc3d3fa81f8dd48c15c6441af92	immutable
legacy-non-arm	share/man/man4/lp.4	legacy/non-arm/pdp11-vax/share/man/man4/lp.4	0c910c68a3dc80d2740fe5ad9d7dced3f86d5754	c562302cc308f6caae2f12efce34f05dbf66eca1e6c1310c796a7a1b5d78a81b	immutable
legacy-non-arm	share/man/man4/qe.4	legacy/non-arm/pdp11-vax/share/man/man4/qe.4	ba1c1787cd76c48666564376298de93c67c9ac24	38b0145325e29df0e9123f99180213e542f81850e4da94659fec62bf9e2062db	immutable
legacy-non-arm	share/man/man4/ra.4	legacy/non-arm/pdp11-vax/share/man/man4/ra.4	f6b2804fa14e2a5cb22801e148a153eb68dd4c85	47cb4682bf65ba4a5896b9a6f29e601a396498265171657ad87a7f10a093acd5	immutable
legacy-non-arm	share/man/man4/rk.4	legacy/non-arm/pdp11-vax/share/man/man4/rk.4	919a5e5f5f3e78fa4025c8d0c71b06e5696fcb70	8d8209bdf7ee198e4aeb0e0b6dc4913463a1c44142419954ba39ed4b701121a2	immutable
legacy-non-arm	share/man/man4/rl.4	legacy/non-arm/pdp11-vax/share/man/man4/rl.4	5316cee63edffec44cf1d2fed2be5d041f9b5ae0	7b221a43ed6ad92f91fd4147175f168ff4bb2d3d2fa49e50d22b97e072791382	immutable
legacy-non-arm	share/man/man4/rx.4	legacy/non-arm/pdp11-vax/share/man/man4/rx.4	b9de4afcdc924d6a6eeede9476345d2ac85007b0	6205352c336bd79691e553e0ebefcb41b24cf729f378d3589dae78c4126e89ef	immutable
legacy-non-arm	share/man/man4/si.4	legacy/non-arm/pdp11-vax/share/man/man4/si.4	316a15ebce28d6ca13a54e8ee27ac1d9306aa7b1	821359be1bd2ad317cf5a77ea7934b3fa18b2cc81013920fad7c237459b6b326	immutable
legacy-non-arm	share/man/man4/sri.4	legacy/non-arm/pdp11-vax/share/man/man4/sri.4	a2548ce236d5231addcf3b1f3a30f7ca997b6c27	3762b2949417eafb491bb4217f99ed43db6f3924cda86927d487db0c78afbd1c	immutable
legacy-non-arm	share/man/man4/tm.4	legacy/non-arm/pdp11-vax/share/man/man4/tm.4	1ad40e8d1c8350a26e9909802f4afcb7776df1b6	1a911aad07771015a24406e81e8b3e8de690708af01bbf245f479f35e7865a34	immutable
legacy-non-arm	share/man/man4/tmscp.4	legacy/non-arm/pdp11-vax/share/man/man4/tmscp.4	66e4658ff7623eb4f032b87f2700ddbcc1d4dcba	4541b8df47841c787a81a005b4632c24bb6ca4543d667d102dc85a729fd13583	immutable
legacy-non-arm	share/man/man4/ts.4	legacy/non-arm/pdp11-vax/share/man/man4/ts.4	825fceda8fc7cd0d99557e8fbd7198515605ee2b	ad1320baea92334e828fe6b74ea26d88fea11b7877a56091c12a66ba9bd30b80	immutable
legacy-non-arm	share/man/man4/vv.4	legacy/non-arm/pdp11-vax/share/man/man4/vv.4	ef9260b4529540d68d2bbf815c1b28335010c297	d78a6125298598a9e0d019f6176280144fb7d5f032d092c18e2434f2fa940ba1	immutable
legacy-non-arm	share/man/man4/xp.4	legacy/non-arm/pdp11-vax/share/man/man4/xp.4	f48b20ccbfab57e9765218e1f6d060a21a074c7e	f9f3383f568bed042f81e55312e0468268002f9a5f5b4f38b188ea68e2831a0c	immutable
legacy-non-arm	share/man/man5/dtab.5	legacy/non-arm/pdp11-vax/share/man/man5/dtab.5	2d9a90b5c4205d00400bec0808dc396c8a395f94	5e61a75c6a6b7613fa87be2e2c5e0dd2507e6310b0d37003a1059e0ed4d306b1	immutable
legacy-non-arm	share/man/man5/stack.5	legacy/non-arm/pdp11-vax/share/man/man5/stack.5	e6bb4be5491582c68919c74dc22f9f14e2fe0786	5f08b2e14a3c60d9b63962391ef6ab0e3d93e0a3e66cd168693dff300aee902b	immutable
legacy-non-arm	share/man/man8/autoconfig.8	legacy/non-arm/pdp11-vax/share/man/man8/autoconfig.8	ac170f4917da06d65119db2ec0857f4642cf1a5d	53c47ec4f6b14b780e4e4b335c8bcfbba05e6a1b1c4b25cdc2e23fdd437d597b	immutable
legacy-non-arm	share/man/man8/boot.8	legacy/non-arm/pdp11-vax/share/man/man8/boot.8	e13e7b8bdaeea578f2af5f935e1eb82582c9e40c	263aca11b02c6f37751dd2165c22346e4b2140f8344c34862fb47185c671bcc8	immutable
legacy-non-arm	share/man/man8/crash.8	legacy/non-arm/pdp11-vax/share/man/man8/crash.8	e77e54f8b2ad4079b55d3bd93b1441c1f1915730	38bfad75e6b6bf9a35a9f9849f941338bd41449a4db8443f3d282e293a57f089	immutable
legacy-non-arm	share/man/man8/format.8	legacy/non-arm/pdp11-vax/share/man/man8/format.8	34ab97e2421772104f6030425d0f8808d1c0f4d0	bfef5db80b8517dbf8e2a470887cc290019d499e0dc80a1f8a712acda0716269	immutable
legacy-non-arm	share/man/man8/makedev.8	legacy/non-arm/pdp11-vax/share/man/man8/makedev.8	9fd39971dd9ad2c58c895fbd5ff10cd9ff313f01	a2fd74360ec55099679154d2d887dafd04fabab635ea80cddf8e38dfecbf2b2c	immutable
legacy-non-arm	share/mk/mips-toolchain.mk	legacy/non-arm/mips-pic32/share/mk/mips-toolchain.mk	2a0ce8217b431a6eb18e8831a0d51d7bb1ea6f57	ef43ccb92408b023fa47536fc8b6fb043e2ea4c856d8f4113d8feffbd5f46d21	immutable
legacy-non-arm	sys/arch/pic32/compile/.gitignore	legacy/non-arm/mips-pic32/sys/arch/pic32/compile/.gitignore	ce77f1b428fe6fe86f2349b925225a339ebf5713	d6069ad82caf3ab376062a0767240649faa8516850eccfc0eadb10c1c70fd4fa	immutable
legacy-non-arm	sys/arch/pic32/compile/BAREMETAL/Config	legacy/non-arm/mips-pic32/sys/arch/pic32/compile/BAREMETAL/Config	986f26993b2ef24e6b1e082f50cfc56368134968	6a48c355e2cdb6ce85622d299e180672df0d979bfdb0acf527f18bfde2121bf2	immutable
legacy-non-arm	sys/arch/pic32/compile/BAREMETAL/Makefile	legacy/non-arm/mips-pic32/sys/arch/pic32/compile/BAREMETAL/Makefile	f23f13c052f3f7b4e280f9a470071b6ea5b17539	d268cef9e79052db8b5eb24a76eeb45f06376ef6c9dbed92ec54e6aa75cf2cb5	immutable
legacy-non-arm	sys/arch/pic32/compile/BAREMETAL/devcfg.c	legacy/non-arm/mips-pic32/sys/arch/pic32/compile/BAREMETAL/devcfg.c	ba09d610863d50a2dc62a57c2d7e68216a76d876	3819d6df3755b9ce3f4eb9594e9213090e7386d17e858074eda016f74744ac31	immutable
legacy-non-arm	sys/arch/pic32/compile/DUINOMITE/Config	legacy/non-arm/mips-pic32/sys/arch/pic32/compile/DUINOMITE/Config	1c4033ab8357bea1c85a5e21e5bc84ac7f7d377c	7423dccffb2c43d75a25cb66eadeab2265637713853c5ea812d29d1898dc5bd5	immutable
legacy-non-arm	sys/arch/pic32/compile/DUINOMITE/Config-uart	legacy/non-arm/mips-pic32/sys/arch/pic32/compile/DUINOMITE/Config-uart	89898a519f667632591d9557c09b840229c6d8d6	4a8764e8c552f12804327494caa890ec3d9508ce03c0a171e3a3e337b253f684	immutable
legacy-non-arm	sys/arch/pic32/compile/DUINOMITE/Makefile	legacy/non-arm/mips-pic32/sys/arch/pic32/compile/DUINOMITE/Makefile	836bd04cc7d8137fd8688fd8de936caaeef9e3da	a82efb8661870e521502b27392d3f6cf55ec15752a56383a8b260324966b6f6e	immutable
legacy-non-arm	sys/arch/pic32/compile/DUINOMITE_EMEGA/Config	legacy/non-arm/mips-pic32/sys/arch/pic32/compile/DUINOMITE_EMEGA/Config	c91922698c2a15fa0664d07b9f27db9c5505027a	b0c14ca1accc6d7f023c5c7b0a96d6fbb7f210401d6daa50090ea12caf495127	immutable
legacy-non-arm	sys/arch/pic32/compile/DUINOMITE_EMEGA/Config-uart	legacy/non-arm/mips-pic32/sys/arch/pic32/compile/DUINOMITE_EMEGA/Config-uart	ce3dff67df5fb43002e262098ab68f2214ece377	17d4bf2d4b2fc32c23e15e6c076aafdc3a35229b4500252d88ac773624433f54	immutable
legacy-non-arm	sys/arch/pic32/compile/DUINOMITE_EMEGA/Makefile	legacy/non-arm/mips-pic32/sys/arch/pic32/compile/DUINOMITE_EMEGA/Makefile	344730d6b7393e9f6a13b7417194a5e5d0bd941e	e99eab97dbfb4259ffcbe972ad16ca73c4ec7478be6912382a2186c35d19b813	immutable
legacy-non-arm	sys/arch/pic32/compile/EXPLORER16/Config	legacy/non-arm/mips-pic32/sys/arch/pic32/compile/EXPLORER16/Config	1342a451b7430f9d82301b69acc897f2dd814445	e1482fd59167868106287e7616d08ca186b4fb0b0cc9d55fd6acfff5970c94c9	immutable
legacy-non-arm	sys/arch/pic32/compile/EXPLORER16/Makefile	legacy/non-arm/mips-pic32/sys/arch/pic32/compile/EXPLORER16/Makefile	0638c587677a77d0b62f1cfb6fb682d11b3b6e76	0ed61a3cb9b50952d3fd961d5013fc570498db9f6124e6568a06b0fd8df24b06	immutable
legacy-non-arm	sys/arch/pic32/compile/EXPLORER16/devcfg.c	legacy/non-arm/mips-pic32/sys/arch/pic32/compile/EXPLORER16/devcfg.c	29b9d63072b897c9f406b5f7780cc6ef9529e23f	aded76e5c6966e720234b38671df02cdb675c2fb6ddd1b5979d136857443f4ef	immutable
legacy-non-arm	sys/arch/pic32/compile/FUBARINO/Config	legacy/non-arm/mips-pic32/sys/arch/pic32/compile/FUBARINO/Config	396111580081dbfe32d150bafc5843aa030ada4c	1eae3b4b51cde394ad95efce1a9289f6ae23e579c683227f39507297d0dd2709	immutable
legacy-non-arm	sys/arch/pic32/compile/FUBARINO/Config-glcd	legacy/non-arm/mips-pic32/sys/arch/pic32/compile/FUBARINO/Config-glcd	720add38127f0f6f621214fb3d7e7b9f880625a1	61ad2f5cf1a95d0d2b0e6ad8e834bb53236aacf2351cae5ee2e556f3e61f1f89	immutable
legacy-non-arm	sys/arch/pic32/compile/FUBARINO/Config-mrams	legacy/non-arm/mips-pic32/sys/arch/pic32/compile/FUBARINO/Config-mrams	fba792935bf27c7c1f7c5bc532eca130d709cd5f	30286edb017587dffdacfc3cbe0dda42c95f829dc2a53d2677264517c0468dfb	immutable
legacy-non-arm	sys/arch/pic32/compile/FUBARINO/Config-spirams	legacy/non-arm/mips-pic32/sys/arch/pic32/compile/FUBARINO/Config-spirams	add572caa98d874e5e549b225d2af5cdd24a9171	b66a6c1eaec4324ac9c2af6966491c0a38dbd94ca2b0c84ac0e73dae7a30c328	immutable
legacy-non-arm	sys/arch/pic32/compile/FUBARINO/Config-uart-sramc	legacy/non-arm/mips-pic32/sys/arch/pic32/compile/FUBARINO/Config-uart-sramc	afd9b12cb703ac1bed044b7a9622d0aa13660f1c	00f04d3490f40bacf572a1d6513b359673eb6b64c53302c1947fc402a60fe496	immutable
legacy-non-arm	sys/arch/pic32/compile/FUBARINO/Makefile	legacy/non-arm/mips-pic32/sys/arch/pic32/compile/FUBARINO/Makefile	f55fb49cd6990d279b14f76d7a74dd70bd9d6702	446af4fcb40b614db8c38dd5b709c1662b5d9083624c8f1623b8129a170b5b60	immutable
legacy-non-arm	sys/arch/pic32/compile/MAX32/Config	legacy/non-arm/mips-pic32/sys/arch/pic32/compile/MAX32/Config	6c4b39836399f15d0bf75655132c5a6828463db6	2cf6105e32410a84b78974a9b5dfa8d17c7dff4007bd1aeb6734c8c7da3da8d3	immutable
legacy-non-arm	sys/arch/pic32/compile/MAX32/Makefile	legacy/non-arm/mips-pic32/sys/arch/pic32/compile/MAX32/Makefile	2e39f17c2dcde22251dafef738b4192a897b494c	9d795a47ec99870d607043cdbae7c237cd999986c699c6ad4858db213d9745a5	immutable
legacy-non-arm	sys/arch/pic32/compile/MAXIMITE/Config	legacy/non-arm/mips-pic32/sys/arch/pic32/compile/MAXIMITE/Config	9cd05143f0148a52d1304b2c4e5a45fe31d558eb	18c84c4f5bdd7faf3ad3c3336c01aeb039a8e486e2a98f8bee6ac68232cb647e	immutable
legacy-non-arm	sys/arch/pic32/compile/MAXIMITE/Makefile	legacy/non-arm/mips-pic32/sys/arch/pic32/compile/MAXIMITE/Makefile	c0c20a867650de8b3f0ce1f4034d5a0ef160857b	63d91b52fef5c5496b18b36f12ff09a15980465ea119d3085d99861229562ca5	immutable
legacy-non-arm	sys/arch/pic32/compile/MAXIMITE_COLOR/Config	legacy/non-arm/mips-pic32/sys/arch/pic32/compile/MAXIMITE_COLOR/Config	8ae4eedbae9a5e97a65ab53431baccb23effbed7	5233e5da07ae1512e2ecfe3ae6cc08a16e3a42c0dc32833429982c7a43bc2555	immutable
legacy-non-arm	sys/arch/pic32/compile/MAXIMITE_COLOR/Makefile	legacy/non-arm/mips-pic32/sys/arch/pic32/compile/MAXIMITE_COLOR/Makefile	d893aec2bb65cd26926cb46dfe92fa07e7d5e4a5	10c9a154144a2d3f2f26545286ddf61a91d7584316c866061cd8cdcff1e3d1c3	immutable
legacy-non-arm	sys/arch/pic32/compile/MMB_MX7/Config	legacy/non-arm/mips-pic32/sys/arch/pic32/compile/MMB_MX7/Config	4fded408397306bc30487cd150673269e1b5c5f7	89d84535f8651e0f7c8e45fd390acac9d80d138b563b0d16336bc36fa8826a33	immutable
legacy-non-arm	sys/arch/pic32/compile/MMB_MX7/Makefile	legacy/non-arm/mips-pic32/sys/arch/pic32/compile/MMB_MX7/Makefile	998775419da44db64ccc31fcd08c36b0b3e285f9	0aa88d82f22bee9bc5710c46e9749669ee77f2c63810fa9d99512d730bad83dd	immutable
legacy-non-arm	sys/arch/pic32/compile/Makefile	legacy/non-arm/mips-pic32/sys/arch/pic32/compile/Makefile	b8972d08cf956940d26cbc5f5e31c72213112d02	461aeba5e1dbcb81d6b730ff55229db017e5e62bf4537afb7c90d5c6b7595f8d	immutable
legacy-non-arm	sys/arch/pic32/compile/PICADILLO/Config	legacy/non-arm/mips-pic32/sys/arch/pic32/compile/PICADILLO/Config	027b4786fc9b27b899a5bf4a332a7295e143d85e	f92d021ce85758def0c2ea859a15e636b5ba4e86370d704d819fea1235dcd3ef	immutable
legacy-non-arm	sys/arch/pic32/compile/PICADILLO/Config-rambo	legacy/non-arm/mips-pic32/sys/arch/pic32/compile/PICADILLO/Config-rambo	9f1b42f2fb3203e06f5e08d6431a66b1fd51d455	c811b64b1bf9bf3d69908b25c839a45b0aa55b865de0cc504a86ea6374dcfa61	immutable
legacy-non-arm	sys/arch/pic32/compile/PICADILLO/Makefile	legacy/non-arm/mips-pic32/sys/arch/pic32/compile/PICADILLO/Makefile	402461ab7b295b0695945155accb092bc63a0f63	b804aaf705f468ddc602a17ace87b46610cf10059c8f6cf6e48bc9c0cbe080aa	immutable
legacy-non-arm	sys/arch/pic32/compile/PINGUINO_MICRO/Config	legacy/non-arm/mips-pic32/sys/arch/pic32/compile/PINGUINO_MICRO/Config	ff039a0a27630e3054088ea6f0e8d08ba5e815da	d1a04e674179418cbc91eb4d6c72628e6a9768c0836262e7fcdfc2e9b54743bf	immutable
legacy-non-arm	sys/arch/pic32/compile/PINGUINO_MICRO/Makefile	legacy/non-arm/mips-pic32/sys/arch/pic32/compile/PINGUINO_MICRO/Makefile	bb70aebe957adaabab9237530f7957a295e802ce	03cba995f804a60f110845f987e9deff519df3b89880d48226a71f2027f68b3e	immutable
legacy-non-arm	sys/arch/pic32/compile/QUICK240/Config	legacy/non-arm/mips-pic32/sys/arch/pic32/compile/QUICK240/Config	5d193df402519e0859f8f1b6526037fc8247b7cd	87e5920e1befde1e53631dd1dd695934378ddc3b64ced16ac1894c1bf4fd16fd	immutable
legacy-non-arm	sys/arch/pic32/compile/QUICK240/Makefile	legacy/non-arm/mips-pic32/sys/arch/pic32/compile/QUICK240/Makefile	7b579d4174355275cd9cd7667226240cf67d6a99	7a6b188e39ac04a1b63f1b04f8d7e8c6c0e3762a0bd35bec38b41ee161cc7fd9	immutable
legacy-non-arm	sys/arch/pic32/compile/README	legacy/non-arm/mips-pic32/sys/arch/pic32/compile/README	f3a0ed3a2a13133fb7920dc36302a0cc91bdf114	8903ab63da303a531d1e038683e0613c2854db455ddb68b0e35e3d8e21d92a2d	immutable
legacy-non-arm	sys/arch/pic32/compile/SDRAM32MX/32mxsdram-schematics.pdf	legacy/non-arm/mips-pic32/sys/arch/pic32/compile/SDRAM32MX/32mxsdram-schematics.pdf	57a37d587b5911a6de277053fb67be042b0666f0	5169e22e3d45d64c6b11caedbc9003955b23a12c56a3d1b09273eaeb6ee75bda	immutable
legacy-non-arm	sys/arch/pic32/compile/SDRAM32MX/Config	legacy/non-arm/mips-pic32/sys/arch/pic32/compile/SDRAM32MX/Config	407065c26544782fb78fb82e9fb1523fbb603de3	b5a55afc463119248decf82155a2024a0eb6293b7ea9e1e3a95e3e6c9b63139f	immutable
legacy-non-arm	sys/arch/pic32/compile/SDRAM32MX/Makefile	legacy/non-arm/mips-pic32/sys/arch/pic32/compile/SDRAM32MX/Makefile	e2f7367d1c074b58dc9585a11e642ca555839950	bf2a1196e7d5c2b484cb4618e25a34c22557d2ef572b94a0d6bdf2ec53670a3e	immutable
legacy-non-arm	sys/arch/pic32/compile/SDRAM32MX/devcfg.c	legacy/non-arm/mips-pic32/sys/arch/pic32/compile/SDRAM32MX/devcfg.c	ad48c8958a6ad000ef6a23fb9a8c0c5fa4108075	e51c944159bde79a2efc98809168e61973616914e694f902b25e8d604612a9e7	immutable
legacy-non-arm	sys/arch/pic32/compile/SDXL/Config	legacy/non-arm/mips-pic32/sys/arch/pic32/compile/SDXL/Config	7a3b96fafed7b8dd3675f574d926775ab349b4f5	06e4159f375e23365f97488b8e44f9736489f59a05126748186a507567ccb920	immutable
legacy-non-arm	sys/arch/pic32/compile/SDXL/Config-glcd	legacy/non-arm/mips-pic32/sys/arch/pic32/compile/SDXL/Config-glcd	7e143836293b37e29d06ba7ada31ceae36e89494	b69278491ede72d7dec0164639529d492e1c4d0553bb889da27c19bd5c2cb063	immutable
legacy-non-arm	sys/arch/pic32/compile/SDXL/Makefile	legacy/non-arm/mips-pic32/sys/arch/pic32/compile/SDXL/Makefile	8d759b2d615173426db3884ecbbde2f7494222c8	f9a6182c4c6f9a6781f48840186e041adbdedbf1227fba13b1db2bee82b0f48a	immutable
legacy-non-arm	sys/arch/pic32/compile/SNADPIC/Config	legacy/non-arm/mips-pic32/sys/arch/pic32/compile/SNADPIC/Config	d160615f98b77a44c2bee29e0248baaf01548e3c	4706ad7776b5de452499e151abc69d8eaacd25d04d2af82f4694cabc5ca77a6d	immutable
legacy-non-arm	sys/arch/pic32/compile/SNADPIC/Makefile	legacy/non-arm/mips-pic32/sys/arch/pic32/compile/SNADPIC/Makefile	86b8b7eba05d1a6b26b9e6b935ee72e0af51ac68	29de097d6b0c827540c216876de69ba16cff0cda5acdd4a545fde3a4465a12d5	immutable
legacy-non-arm	sys/arch/pic32/compile/STARTER_KIT/Config	legacy/non-arm/mips-pic32/sys/arch/pic32/compile/STARTER_KIT/Config	7d185c62633a90d215a6a4a5b054ac0528623a0d	e5232f0087c1bcf5facb444a6140d3b3a95ededfd877a7bdd707cf3f904bede4	immutable
legacy-non-arm	sys/arch/pic32/compile/STARTER_KIT/Makefile	legacy/non-arm/mips-pic32/sys/arch/pic32/compile/STARTER_KIT/Makefile	bcdd5fd7e5fc89e69725b364d2ed37043764b356	0ae3a6ddb4d03b567f2d265ecd25a901b4e20a41a23036fc109729ce812308cb	immutable
legacy-non-arm	sys/arch/pic32/compile/STARTER_KIT/devcfg.c	legacy/non-arm/mips-pic32/sys/arch/pic32/compile/STARTER_KIT/devcfg.c	ad48c8958a6ad000ef6a23fb9a8c0c5fa4108075	e51c944159bde79a2efc98809168e61973616914e694f902b25e8d604612a9e7	immutable
legacy-non-arm	sys/arch/pic32/compile/UBW32/Config	legacy/non-arm/mips-pic32/sys/arch/pic32/compile/UBW32/Config	b5e014cbbd30e0e5638e6ec26206604b8cc8eefc	d477872fb0747ddc167b805f3b56d6a54874189c2b22689cb1d4e890907f12d4	immutable
legacy-non-arm	sys/arch/pic32/compile/UBW32/Config-uart	legacy/non-arm/mips-pic32/sys/arch/pic32/compile/UBW32/Config-uart	5f3e84982948955855669c2df178c7a9fba7d4f6	13a822968b89e5d62f9018252eb52d862a9e3843d5944f9ae8f8aeaabfc3d88b	immutable
legacy-non-arm	sys/arch/pic32/compile/UBW32/Makefile	legacy/non-arm/mips-pic32/sys/arch/pic32/compile/UBW32/Makefile	789500ff591ce871a6941d0ba053feabfba1f984	6812002802bd6cbfa840757ae29fece24bb4f61a4c46a605f0deda0b0b194865	immutable
legacy-non-arm	sys/arch/pic32/compile/WF32/Config	legacy/non-arm/mips-pic32/sys/arch/pic32/compile/WF32/Config	87643a42eb4c98cad0f290bb79855f5a63209da8	7d5a2351f6c9fcd90e8783f683f404fa140a94e4b81b64a80951c2a918da3a68	immutable
legacy-non-arm	sys/arch/pic32/compile/WF32/Config-adafruit	legacy/non-arm/mips-pic32/sys/arch/pic32/compile/WF32/Config-adafruit	6cd8b9737533b3f6c3b5df6c05a1ce723c9e7c98	a8fcd557e99530ac4b613ceda9e398ad17d599c038ac4c1c4d86db183ff8e9ce	immutable
legacy-non-arm	sys/arch/pic32/compile/WF32/Makefile	legacy/non-arm/mips-pic32/sys/arch/pic32/compile/WF32/Makefile	5b02e8ce258445ead8f35940fc4553f95ee4b9a0	c4ef52fd0cfea5b0ccee89d0e5fec968ac3b331a6614ae50df09665c41a71faf	immutable
legacy-non-arm	sys/arch/pic32/conf/BAREMETAL.ld	legacy/non-arm/mips-pic32/sys/arch/pic32/conf/BAREMETAL.ld	5f146b3d470733ef13026dd873955de3e80d508e	497fc8761a29c124e11d7e8ea4ed1412e4e45b0f158b7ade3f2e52b2b46e615a	immutable
legacy-non-arm	sys/arch/pic32/conf/Config.generic	legacy/non-arm/mips-pic32/sys/arch/pic32/conf/Config.generic	f460e68fc8c3679880b4c25100bc63056793715c	f6d7d5769c5bb94cdde9cc8fda1688855322a4619f6bcfbb3691790cf4b75037	immutable
legacy-non-arm	sys/arch/pic32/conf/MAX32.ld	legacy/non-arm/mips-pic32/sys/arch/pic32/conf/MAX32.ld	beb44d807d686ff78bc2da3ab45385e6eda7a00d	50c7099340d5b930d8a0df6fa2b553dc2aa2410bece58ee106ea30e9e40ae0c8	immutable
legacy-non-arm	sys/arch/pic32/conf/MAXIMITE.ld	legacy/non-arm/mips-pic32/sys/arch/pic32/conf/MAXIMITE.ld	ec612d9e91b6d6f6d5c28f47127fac89392a8ca0	dd8ca20dc5080305e26f9450b65e21eefa19053b390a0a6a9e32ddd7683791f8	immutable
legacy-non-arm	sys/arch/pic32/conf/MAXIMITE_COLOR.ld	legacy/non-arm/mips-pic32/sys/arch/pic32/conf/MAXIMITE_COLOR.ld	3fadab7ea9c7ea7a6fbc0bb289bd2bed1c7dbe33	d54b43581dbd599dc702e2b4f34defb579be2cfe0288ecd190ed4c9b5a44162a	immutable
legacy-non-arm	sys/arch/pic32/conf/MMB_MX7.ld	legacy/non-arm/mips-pic32/sys/arch/pic32/conf/MMB_MX7.ld	f4a1f219bfd41147e5f98d070929b5234e777ec3	a748df4ba5cc7de681bbd4b6c959419745ec39a3e82752ada67a708ba7dadbf9	immutable
legacy-non-arm	sys/arch/pic32/conf/Makefile.inc	legacy/non-arm/mips-pic32/sys/arch/pic32/conf/Makefile.inc	e16d6b6e0c9bbf4361c23e6cf6a95d813f447a02	757219e002059c026fb115f71f20926d98a9e748fd290c636f8cd2c1b4547596	immutable
legacy-non-arm	sys/arch/pic32/conf/Makefile.pic32	legacy/non-arm/mips-pic32/sys/arch/pic32/conf/Makefile.pic32	8172177ff99feb611be1f5318d306d7726d91732	d22ab4cdefede24fd8b5f58e5432b4c7953d82cc5663f61634ed9a0bb0d6361d	immutable
legacy-non-arm	sys/arch/pic32/conf/SDRAM32MX.ld	legacy/non-arm/mips-pic32/sys/arch/pic32/conf/SDRAM32MX.ld	7a91c502327a2ad4c69c0d07b270e3f19f9051a4	292a0490ebcd133d657e5f01c211d5c3fd4b3e7f227914f781987e303cd89850	immutable
legacy-non-arm	sys/arch/pic32/conf/UBW32.ld	legacy/non-arm/mips-pic32/sys/arch/pic32/conf/UBW32.ld	6a156bfbb55d1a814330ba9e1643c56424f9a72f	ab5fbdbc84d8599b63d84960cd39709cdbd8e3b6b76bfb53920df9c2b5d53714	immutable
legacy-non-arm	sys/arch/pic32/conf/compiler.mk	legacy/non-arm/mips-pic32/sys/arch/pic32/conf/compiler.mk	2808a3f3c2a8caf59a6c2feb5a91cfdef74c067d	631493b845a58964c5f00f7d5cbc683222bc85377c4d8d5bc1c89af89fcf4aee	immutable
legacy-non-arm	sys/arch/pic32/conf/devices.pic32	legacy/non-arm/mips-pic32/sys/arch/pic32/conf/devices.pic32	e1be1ce026c4305ef7548961aec47e1bb8db15ab	b72879a154b608f07f69c4080d2b4c83a00a63fbfad0af026d29b8071c6e04f9	immutable
legacy-non-arm	sys/arch/pic32/conf/files.pic32	legacy/non-arm/mips-pic32/sys/arch/pic32/conf/files.pic32	08e5762fe290a23741a44f61c458bd483659a2d1	f6c02080a5cb16343a04a39e85392a67cea42ee6d0231401cf96b68561cb2954	immutable
legacy-non-arm	sys/arch/pic32/dev/adc.c	legacy/non-arm/mips-pic32/sys/arch/pic32/dev/adc.c	46dbb11a1f6300f4f68bd4ce94b10fe24b9fa2e9	8bb1e3f4f79ef30151c41d69469eb33857790896893a1af28824107c97c258f0	immutable
legacy-non-arm	sys/arch/pic32/dev/adc.h	legacy/non-arm/mips-pic32/sys/arch/pic32/dev/adc.h	5bed44bf22aa790607e759cd63959e9605d88ced	d60423bbadb40bc811c4850699fe5ed1d113d3fc354bd946aa7eb36386fbc2d0	immutable
legacy-non-arm	sys/arch/pic32/dev/glcd.c	legacy/non-arm/mips-pic32/sys/arch/pic32/dev/glcd.c	7361dd3fee136303ae9dc834575a3a76e3f25c9e	a177cd84e5d456378c3e0b4423f948043a08b927360cac28f64e3d5ce2391d69	immutable
legacy-non-arm	sys/arch/pic32/dev/gpanel-ili9341.c	legacy/non-arm/mips-pic32/sys/arch/pic32/dev/gpanel-ili9341.c	2ee9389871a956ed5fee2bb31ae9bb390077d336	a34ab4d27363c8b93e80951662d85fcf64e751d75aec3383809598c9849b04a6	immutable
legacy-non-arm	sys/arch/pic32/dev/gpanel-nt35702.c	legacy/non-arm/mips-pic32/sys/arch/pic32/dev/gpanel-nt35702.c	f2b6e08b73ba9ec011a3f6e330c7f2dafdee7536	dac38c7e4e25de06cf80383a34a6acfc585e0c5f6b84301682f2ce9b6d94f3ef	immutable
legacy-non-arm	sys/arch/pic32/dev/gpanel-s6d04h0.c	legacy/non-arm/mips-pic32/sys/arch/pic32/dev/gpanel-s6d04h0.c	ba7ddd703fa2c4e05b170b12666157b05c2228e6	22c1d16f5f04e117ba48714a5e5849cfefeca7b68e34adec079e294063f3cf56	immutable
legacy-non-arm	sys/arch/pic32/dev/gpanel-spi-ili9341.c	legacy/non-arm/mips-pic32/sys/arch/pic32/dev/gpanel-spi-ili9341.c	3ba90fa01fba3095b139675836afd2bb2a380123	54e4ea1a7ba0350134d9c1803e3c4751e955d87f10075855fe7f6ae114c3c548	immutable
legacy-non-arm	sys/arch/pic32/dev/gpanel-spi.c	legacy/non-arm/mips-pic32/sys/arch/pic32/dev/gpanel-spi.c	771430b8b654f9fe6ea5c6ec4b60383a9687f0c2	bb269977e1418232bc6d53d5ab12e8dc1d508e5f8a0fd24c00df9947aec75530	immutable
legacy-non-arm	sys/arch/pic32/dev/gpanel-st7781.c	legacy/non-arm/mips-pic32/sys/arch/pic32/dev/gpanel-st7781.c	2eb80c85514819a6bf99171ec7a67b19316e2864	790f12ee73681d8d694b4bd9e8974dec6dad1d56f56e09bbf70151b944b345c6	immutable
legacy-non-arm	sys/arch/pic32/dev/gpanel.c	legacy/non-arm/mips-pic32/sys/arch/pic32/dev/gpanel.c	176a008123e01d4c6063ec469eded306e54fb99d	0869a424c7d84002a803df1552b4190585402e70db0c80b221d8a46eaeac85e4	immutable
legacy-non-arm	sys/arch/pic32/dev/gpio.c	legacy/non-arm/mips-pic32/sys/arch/pic32/dev/gpio.c	3488322186f9a2fc01a21f7a327876fe994fd7f6	05104dfe959f604384de7346e7bc8c0ccbc09337c6246062f5bf2bd34e6268d2	immutable
legacy-non-arm	sys/arch/pic32/dev/hx8357.c	legacy/non-arm/mips-pic32/sys/arch/pic32/dev/hx8357.c	ad2c145c16f0c65ffddbc3f59147352ab3917843	5c95a0d028a993de3e6ca6e28449737bcf201028fb5ba37fdb91886f5bb2a051	immutable
legacy-non-arm	sys/arch/pic32/dev/ili9341.h	legacy/non-arm/mips-pic32/sys/arch/pic32/dev/ili9341.h	c4b3c9fab2d9a0954ef42ee48ef0ca6633e34794	ebc058317c4d5a9451657043f39b7708f2c1a8411c1024271b0a0f82fa4c4858	immutable
legacy-non-arm	sys/arch/pic32/dev/kbd.c	legacy/non-arm/mips-pic32/sys/arch/pic32/dev/kbd.c	f742cff2c3856d1b02b190f1e5fb5c2dc242533c	bbdb4046dad76e669db8415a9ccf4f4ebfcd04c781c0264237b5eadd7b172166	immutable
legacy-non-arm	sys/arch/pic32/dev/kbd.h	legacy/non-arm/mips-pic32/sys/arch/pic32/dev/kbd.h	ae49092711e4190d13b8c77342fe7fd4c0506eed	8674f9f40ea3c852881f3c7866337e65858d0123e7da40bede714a0dae906c74	immutable
legacy-non-arm	sys/arch/pic32/dev/mrams.c	legacy/non-arm/mips-pic32/sys/arch/pic32/dev/mrams.c	b09318f109bda1a6ba57661824cd71c07a327b93	841067d82e3ff840a0eaf077e4350371d0b492cbb3de89a5114532d41cc6da6c	immutable
legacy-non-arm	sys/arch/pic32/dev/mrams.h	legacy/non-arm/mips-pic32/sys/arch/pic32/dev/mrams.h	f56c4332eff0b7dcd4f3a5fa6d45b1286391993c	0a52b363ebc92a23cda806af42b0496381e38040e13db39e7319e4ad260b6d1e	immutable
legacy-non-arm	sys/arch/pic32/dev/picga.c	legacy/non-arm/mips-pic32/sys/arch/pic32/dev/picga.c	a6193987c2281acce494d019c5f61cd7497b3c43	2061f02579ae3d5d09afb550b632bf47069d36e98d64c699c32c61d620a40432	immutable
legacy-non-arm	sys/arch/pic32/dev/power_control.c	legacy/non-arm/mips-pic32/sys/arch/pic32/dev/power_control.c	bf020310af3a9d8a2e6e161fa6e3437d1929b514	c6ce7b8ed42bb7f09220683546157454c58f0b25c52eee5bc460873dda5e778a	immutable
legacy-non-arm	sys/arch/pic32/dev/pwm.c	legacy/non-arm/mips-pic32/sys/arch/pic32/dev/pwm.c	110d584f53f0d5cd1db5298136dafeefe2658f6c	7701d63d0dcf01c051cc927ab05eb2c8bf031fdf6b4ec68b10d5ef4012da5a61	immutable
legacy-non-arm	sys/arch/pic32/dev/sd.c	legacy/non-arm/mips-pic32/sys/arch/pic32/dev/sd.c	124984636ff53ef3657776f2bf8796d3168b6f72	54d75801fca909ba77a0df8ac4915f4c470d3cb4510eed7fbd2066878d49de66	immutable
legacy-non-arm	sys/arch/pic32/dev/sd.h	legacy/non-arm/mips-pic32/sys/arch/pic32/dev/sd.h	74302aa33f801d65ee774ec237c379a5a9b404cf	4623631aa85624453470a4de46b78906e0d9edd1e6af7340931f65594e7252ef	immutable
legacy-non-arm	sys/arch/pic32/dev/sdram.S	legacy/non-arm/mips-pic32/sys/arch/pic32/dev/sdram.S	0bcf42b520bee3823a268d2ebe13aca5937ea761	c091ce37ffcec07ad3469896e30ce0cde5bf9b33b545caa8c9c4542dad88b553	immutable
legacy-non-arm	sys/arch/pic32/dev/sdram.h	legacy/non-arm/mips-pic32/sys/arch/pic32/dev/sdram.h	d786778750cd7567006850313c81ccd846accb01	58a94d731fc9ab2ab1c162bfbc8a174ae555e4a89bef86c79fe9c3e80bca130a	immutable
legacy-non-arm	sys/arch/pic32/dev/sdramp.c	legacy/non-arm/mips-pic32/sys/arch/pic32/dev/sdramp.c	ff5dd428f774e24dea1a803be8c98e63dc56f20f	b834959edb1b3bb03dfe5ad99f44276cb77bd6efd733d0125f46c4ace7c0481b	immutable
legacy-non-arm	sys/arch/pic32/dev/sdramp.h	legacy/non-arm/mips-pic32/sys/arch/pic32/dev/sdramp.h	c0cac2f6fbe51ecf646f768c3ca09ac9f9e161f4	33612c9d4af8f359316fb667e8500f4912622337d849ae31da6387ce8447be63	immutable
legacy-non-arm	sys/arch/pic32/dev/sdramp_config.h	legacy/non-arm/mips-pic32/sys/arch/pic32/dev/sdramp_config.h	6cc5406f11333c7d58a111d4c4811ba91f510d2e	5fd9ecdb5f90a6e1b9a6660b24e2cb30f3df03ded4f6c6297c221c2c8c331746	immutable
legacy-non-arm	sys/arch/pic32/dev/skel.c	legacy/non-arm/mips-pic32/sys/arch/pic32/dev/skel.c	8c006d95f184d39faf4cd13295a6e159c306e55d	f49d13269679d1ab4e51566ea552c4834c1b06aca6f32aa44c50414b44eb5458	immutable
legacy-non-arm	sys/arch/pic32/dev/spi.c	legacy/non-arm/mips-pic32/sys/arch/pic32/dev/spi.c	44d9d60a352011103629f6b5c668696bb36b5372	1b03988d26aa8f23668665101ec1970ef5082cc705fe16fdd0935a7550ce0d2f	immutable
legacy-non-arm	sys/arch/pic32/dev/spi_bus.c	legacy/non-arm/mips-pic32/sys/arch/pic32/dev/spi_bus.c	b5f0336c9b052d297d795734a063722ef0280669	c10805233c89829fc7d9f41e7c289fc579d3078390b0c3e40b975871e1c37ebc	immutable
legacy-non-arm	sys/arch/pic32/dev/spirams.c	legacy/non-arm/mips-pic32/sys/arch/pic32/dev/spirams.c	de5c62b7c344e08a00e4a6ac0e4baeba48c8e363	47b0244441f872d00a58d1bcc463952194bd5fef74d4150edff59c486eab6042	immutable
legacy-non-arm	sys/arch/pic32/dev/spirams.h	legacy/non-arm/mips-pic32/sys/arch/pic32/dev/spirams.h	9613cb37721d3db3e72dd3e5f02f847645f503ce	da91cddb893aa58f11ca96983d84cc286ce3d06781c5010ed8af5cf1dc3d35af	immutable
legacy-non-arm	sys/arch/pic32/dev/sramc.c	legacy/non-arm/mips-pic32/sys/arch/pic32/dev/sramc.c	069238c7997f54ab3193530495d9dc4eecb7670b	f5a234116ea5bee17a07ef06e3a63a41ed802dc0e234ba7fd94879e660636419	immutable
legacy-non-arm	sys/arch/pic32/dev/sramc.h	legacy/non-arm/mips-pic32/sys/arch/pic32/dev/sramc.h	9a02e4a9aac464a66836e245d669ac1da721a09b	d2919347c5b30e9d6114758006ae53943c06e47217bfff250dc5e8b65a9d458b	immutable
legacy-non-arm	sys/arch/pic32/dev/uart.c	legacy/non-arm/mips-pic32/sys/arch/pic32/dev/uart.c	690a5b4079b9803795d7c4ee6ab501a8fef851a0	be259cd468a6ce5fcb9644dcb88a937d5ca6a36a0f8c9f52c8b52be1438c5f99	immutable
legacy-non-arm	sys/arch/pic32/dev/uart.h	legacy/non-arm/mips-pic32/sys/arch/pic32/dev/uart.h	ea97d0b7e788b7b5ee7bf6fa503b8f6fee1fb553	3a68bb3abd72ccf6e7369e9fe9667d12f74d26a33f251c8d57105eaddbb6dccc	immutable
legacy-non-arm	sys/arch/pic32/dev/usb_uart.c	legacy/non-arm/mips-pic32/sys/arch/pic32/dev/usb_uart.c	b62fa1d361f2dea8a676580a87e7ee22cedd46c9	fa60f08deb0bb96638ddd11ae2f103d8367acd50c27a2ae2a5030e1d604bb5e5	immutable
legacy-non-arm	sys/arch/pic32/dev/usb_uart.h	legacy/non-arm/mips-pic32/sys/arch/pic32/dev/usb_uart.h	d4acccb721762d9495a564f9f43884145be3a958	c14cbd993e1ae6fda0ae5c8c753bb41058f0583619174f72bd5161e30da899a2	immutable
legacy-non-arm	sys/arch/pic32/hal/usb_ch9.h	legacy/non-arm/mips-pic32/sys/arch/pic32/hal/usb_ch9.h	18f9303be6cc2ce686fb00ac1a37573e849556d7	58821889cc6d025977ff5ab82683450f839d112a3796e3a04a3830b3d855d29a	immutable
legacy-non-arm	sys/arch/pic32/hal/usb_device.c	legacy/non-arm/mips-pic32/sys/arch/pic32/hal/usb_device.c	ad4fd7d02b793016e13b146f19215cf7ad12afdd	d82ea9ba262c6696589fd5bb351f3a790860dabf2829a32f475f20a36b4c7c42	immutable
legacy-non-arm	sys/arch/pic32/hal/usb_device.h	legacy/non-arm/mips-pic32/sys/arch/pic32/hal/usb_device.h	9f3665353ede73199b19d0db30a2e8b7c3053be7	1a062d147f34ad2ae054bf140668159e14dd6b891f34c50e7e1aaadf3e2ad5ba	immutable
legacy-non-arm	sys/arch/pic32/hal/usb_function_cdc.c	legacy/non-arm/mips-pic32/sys/arch/pic32/hal/usb_function_cdc.c	fc916af2ca9d51fceb4b88b6cd7cd8bc79b93108	57dc053e4bdda5df431ee6cfaee4318363df75f7d2d9d329d6a512d66e620e85	immutable
legacy-non-arm	sys/arch/pic32/hal/usb_function_cdc.h	legacy/non-arm/mips-pic32/sys/arch/pic32/hal/usb_function_cdc.h	22d820c2f213e1502c6915e39b72319505d7c761	59795659884c42fc5930d097f486afe687ce91e0d56c77616a5eada5e43010c0	immutable
legacy-non-arm	sys/arch/pic32/hal/usb_function_hid.c	legacy/non-arm/mips-pic32/sys/arch/pic32/hal/usb_function_hid.c	6edaac5fc2d8b8b444a6a5df609416a3dd8c7844	3dc90b18017dd87dc444a41e1821bdf1f6ed689f515455a9410fd61283857019	immutable
legacy-non-arm	sys/arch/pic32/hal/usb_function_hid.h	legacy/non-arm/mips-pic32/sys/arch/pic32/hal/usb_function_hid.h	a961059f26b9c688fa8c7827db14520d9a2ad02f	66e91c4bad97759f6e2f1e24990909ffb8680e95929e890b39e3fe6e5e1557c8	immutable
legacy-non-arm	sys/arch/pic32/hal/usb_hal_pic32.h	legacy/non-arm/mips-pic32/sys/arch/pic32/hal/usb_hal_pic32.h	08c224ee4fee9d2fc2bc947a5e8996411e4ac3d9	4c0b859bb86c11156a5199fa49a7e2c1d6190dc15089f70633725820c17fbcf2	immutable
legacy-non-arm	sys/arch/pic32/include/_float.h	legacy/non-arm/mips-pic32/sys/arch/pic32/include/_float.h	f0523a4c2fe64eda0e5012844701f9fd984ca602	acb4d84237aa1d70d2ed910118fe6341c8ca3679ce78ea8a977da039eeee9469	immutable
legacy-non-arm	sys/arch/pic32/include/cpu.h	legacy/non-arm/mips-pic32/sys/arch/pic32/include/cpu.h	de24ecad5be79d7db278a5a64cea786e4b27da84	2c09d37fd43779a25f1c9d7744c88af0307b7249943ff6f9ac5bc2d72f64b0db	immutable
legacy-non-arm	sys/arch/pic32/include/debug.h	legacy/non-arm/mips-pic32/sys/arch/pic32/include/debug.h	bcc89b41460a0fe724a0e5acb6b839513c646ef4	837c3fb0d152b409dd4247a50fb6af480c0a720577642888f9d7a549fcd5b87a	immutable
legacy-non-arm	sys/arch/pic32/include/elf_machdep.h	legacy/non-arm/mips-pic32/sys/arch/pic32/include/elf_machdep.h	5305be32d32eff968014d1d32ab6784ce26490c0	06c391995ea1013dbe4abf284d74d98cbf701b611fdcebd10f1410599afcc63a	immutable
legacy-non-arm	sys/arch/pic32/include/frame.h	legacy/non-arm/mips-pic32/sys/arch/pic32/include/frame.h	7282e255270afa52360aa36b64338057f393e770	4d60db35e2c06303e7790c547b8edbe6c49bd9ce26b4a0998be50f21090913fc	immutable
legacy-non-arm	sys/arch/pic32/include/io.h	legacy/non-arm/mips-pic32/sys/arch/pic32/include/io.h	f3df65a7be1df35b43b292980b044158d5a86407	393e564842036f90550a8da7683ce028da15ec502532cc95fc5f7028762e2865	immutable
legacy-non-arm	sys/arch/pic32/include/limits.h	legacy/non-arm/mips-pic32/sys/arch/pic32/include/limits.h	8bfc106c0c4d018214afa3b02e025d2d6cf83fb3	1405711d6d66cfdda17dc82dfa1a0f9c9299cb77a1af4e22f8f7ec3d0b8f1bf4	immutable
legacy-non-arm	sys/arch/pic32/include/machparam.h	legacy/non-arm/mips-pic32/sys/arch/pic32/include/machparam.h	060c92d2a2af559fb6220832b680312df219d4e4	885fa8c08892f65435d8199721e280bb41751290206b5e111c137bb577812034	immutable
legacy-non-arm	sys/arch/pic32/include/pic32mx.h	legacy/non-arm/mips-pic32/sys/arch/pic32/include/pic32mx.h	178bd99915646f3cd385705a7d0c846e564c274f	b6891004baf1088123e281e8f0b7ab37e1561d98604fd5af01757f2d83d3765b	immutable
legacy-non-arm	sys/arch/pic32/include/setjmp.h	legacy/non-arm/mips-pic32/sys/arch/pic32/include/setjmp.h	2cdf5f333074b5470230cee38705e17ea9f3a859	da9defb50a6b8705e18d2624d1de3291fc7bcbad7d95af5212b2fa7ffec560dd	immutable
legacy-non-arm	sys/arch/pic32/include/signal.h	legacy/non-arm/mips-pic32/sys/arch/pic32/include/signal.h	d0854161285e7172076f70d2e55a01301574ff27	793b7b1701cd4c3a4513576a09bb97d3adae19c4b5e0454b4465ed8e624c9343	immutable
legacy-non-arm	sys/arch/pic32/include/types.h	legacy/non-arm/mips-pic32/sys/arch/pic32/include/types.h	ba1e43228aef1387d0324bd9019209a438b83ce8	6723f72d3578f1b47f0de8eb890335eeb229c0e97f4b12e03c339fba6a4bdb90	immutable
legacy-non-arm	sys/arch/pic32/pic32/clock.c	legacy/non-arm/mips-pic32/sys/arch/pic32/pic32/clock.c	8e544e6dee861a5fd639925b4cf6d929f5a57be8	280dc44657504405ca855af38f2bb216db70ced100684e62a141e72e5b853b04	immutable
legacy-non-arm	sys/arch/pic32/pic32/conf.c	legacy/non-arm/mips-pic32/sys/arch/pic32/pic32/conf.c	4b5797c18cc0998c8852c57c40d6375df735614a	333ccd267e3015236b890f0827068dc978d3dd503f4044bc5eb0892134dd846d	immutable
legacy-non-arm	sys/arch/pic32/pic32/exception.c	legacy/non-arm/mips-pic32/sys/arch/pic32/pic32/exception.c	767855e00ea61d382ae96e4c66f6fd4fe8039721	7a27085c36403e46ffee87ea3354602741014d7e87b0562ed3c4744de75c9258	immutable
legacy-non-arm	sys/arch/pic32/pic32/locore.S	legacy/non-arm/mips-pic32/sys/arch/pic32/pic32/locore.S	a7ca75581d807479c678e5ca728ea97ce91ccef7	6c04afc105a5ca53668c8b78d4126353a7859c4f0e0dc01571ab8284def258ab	immutable
legacy-non-arm	sys/arch/pic32/pic32/machdep.c	legacy/non-arm/mips-pic32/sys/arch/pic32/pic32/machdep.c	4793bec4d8330403eebc54bf4943d333d7c2bcf6	f453e4fdab8a3b63bf56a92834ade7571bb1d4086569d7dccd6affbbc628483b	immutable
legacy-non-arm	sys/arch/pic32/pic32/sig_machdep.c	legacy/non-arm/mips-pic32/sys/arch/pic32/pic32/sig_machdep.c	d08fb97e7890dc821c9f279bc0b11c1e699eae75	4a98ddc7f9a5655f910681b58fff56cbf4f3206d4c41c815227cf8bb09dc434f	immutable
legacy-non-arm	sys/arch/pic32/pic32/sysctl.c	legacy/non-arm/mips-pic32/sys/arch/pic32/pic32/sysctl.c	b81e8b313af2154d8d3d6312bcb839c4038b4576	7f563c6c2313a8977fb299b2d9738aa0f097b87fe97d8492aa732082ac85230b	immutable
legacy-non-arm	sys/sys/glcd.h	legacy/non-arm/mips-pic32/sys/sys/glcd.h	6a6c933c27e1f715d3bac92175d49924df20db55	12fb9ea963fc9a08c378f06382276cacb3956bd22159d5d20de0f7e914277552	immutable
legacy-non-arm	sys/sys/gpanel.h	legacy/non-arm/mips-pic32/sys/sys/gpanel.h	6d5b7d0e70f79d74cf5b108956d9dedc3bbe3aff	12b09263ba033991551def0ea5d150798c5c32d5ea0a1b26063f0de54f17750c	immutable
legacy-non-arm	sys/sys/gpio.h	legacy/non-arm/mips-pic32/sys/sys/gpio.h	ff3f9e618243a685b7048a139ae621f7f37c19c2	94ab860a52514bb393012f1a22951e3b75bb2fe33ff726283b9d3d1f0516343f	immutable
legacy-non-arm	sys/sys/pwm.h	legacy/non-arm/mips-pic32/sys/sys/pwm.h	369fe6598b1322c47538bcd5f517fbcecf9e4e36	bc0e7aee615d9a289dff414ad745f64a1e6775aa0e4354c53ffa84e48a79a97e	immutable
legacy-pdp11-v6	tests/pdp11_reference/Makefile	legacy/pdp11-v6/tests/pdp11_reference/Makefile	c51c6fa5086cb87682fd19d2e8542ca54f89146f	6322ea3da5e61335b898c9b943aa2ccd1354ce4857695182777f056453ba7aae	maintained
legacy-pdp11-v6	tests/pdp11_reference/README.md	legacy/pdp11-v6/tests/pdp11_reference/README.md	cc187a0edd71ffe09c5dcffeb20068f50e1e1bb3	7ff734deb1b5ba9d6f53468730b198d3fb358201c09a3ac8a08d9b003795a348	maintained
legacy-pdp11-v6	tests/pdp11_reference/run.py	legacy/pdp11-v6/tests/pdp11_reference/run.py	e146fbbf0deee7552c697500d08d2d071bf0028d	6bfec204ded0cc05d3319127877322548a37c47997c3e1124017f6094d26ec19	maintained
legacy-pdp11-v6	tests/pdp11_reference/test_runner.py	legacy/pdp11-v6/tests/pdp11_reference/test_runner.py	1744b4672e7975c1d012db6de54eddc70c9f4747	127f1ead66164fcd25fcb58ea6d07d9cb46dc95eeabb0763b2d9a64654a277cc	maintained
legacy-pdp11-v6	tests/pdp11_reference/v7_rl02.expected	legacy/pdp11-v6/tests/pdp11_reference/v7_rl02.expected	ebefaafb7e628f5327867047fce9560d3e53a26a	22cbde3ee4913104173cd4cf9787705261c03ad8a1a36076076f3e16f8f5b781	maintained
legacy-pdp11-v6	tests/pdp11_reference/v7_rl02.simh	legacy/pdp11-v6/tests/pdp11_reference/v7_rl02.simh	2726b4b18be2505d646f55741eb7b819cf96ea74	2e51125dfa47c7efd99cfa62021fd3725b6f124e4ea08902c6086bd1428ef0d7	maintained
legacy-non-arm	tools/aoututils/aout/.gitignore	legacy/non-arm/mips-pic32/tools/aoututils/aout/.gitignore	347b11f19c7c70c05ae11031c7adcada6ab3a59f	3731810bd8d178d3d116faee53c5d1ad4497e0bb21b18740d2156803b49aec50	immutable
legacy-non-arm	tools/aoututils/aout/Makefile	legacy/non-arm/mips-pic32/tools/aoututils/aout/Makefile	0b54c0ac82dad01e6ecfd1ba0ea8f176d6d8daf1	ff5363b46e8e2094a546e4f3d7825b29dea8779788458d76d67f7a7bc6691598	immutable
legacy-non-arm	tools/aoututils/aout/aout.c	legacy/non-arm/mips-pic32/tools/aoututils/aout/aout.c	dd9f1176b716e74ce659a58e8d7842c8eb6f8907	9faab5a4b33215958f458c780fe14dc90177cf1f0621dddcbf75a87bb4dbef3f	immutable
legacy-non-arm	tools/aoututils/aout/mips-dis.c	legacy/non-arm/mips-pic32/tools/aoututils/aout/mips-dis.c	accf939c7e372d6c628ad3b1f508cf29f138d144	9281df7515b615eb7a8d7aa1ea2ef0a0ecd62eb11a2c177ff9c44e86689b3b5a	immutable
legacy-non-arm	tools/aoututils/aout/mips-opc.c	legacy/non-arm/mips-pic32/tools/aoututils/aout/mips-opc.c	fa11255264f296e9ee61a71cb8586329d56ab623	6de92711623ea20a31b3805c94cf3a1df369a0a1778b274a057ec764dad675ac	immutable
legacy-non-arm	tools/aoututils/aout/mips-opcode.h	legacy/non-arm/mips-pic32/tools/aoututils/aout/mips-opcode.h	8bd75e87203ae9de9ff52a094c9699772538c198	7f7c7e37707c9bbb4103eff52a30ce4424bab6cc528afd653a4c701098a9b4a8	immutable
legacy-non-arm	tools/aoututils/aout/mips16-opc.c	legacy/non-arm/mips-pic32/tools/aoututils/aout/mips16-opc.c	fbc2f3265c40265828975d3b7a8a0f8ae85c980e	6c6eccc462800648d695cd9b58076d3d28ffa643cb0ceece3b8733d182b7c1fb	immutable
legacy-non-arm	tools/aoututils/as/as.c	legacy/non-arm/mips-pic32/tools/aoututils/as/as.c	288a89ded23104cb59d64f0e5e5562b8bb4c6018	cd80e9a23645c5cb4bcfa3ed7680321d82c7574e91ec8290c2aec327223efdfe	immutable
legacy-non-arm	tools/icache/.gitignore	legacy/non-arm/mips-pic32/tools/icache/.gitignore	1b1892ab17774ba5eff7df36a556dd5399ff7372	331371efd9b0113a335f7f8d9158762cc93a0573301996ee966f9947e8f5209a	immutable
legacy-non-arm	tools/icache/Makefile	legacy/non-arm/mips-pic32/tools/icache/Makefile	80c8de7a6289c77dac5e0a2e93edaa91c76dca28	a9d8769aaba49079dbdc504e17d8b6fc5339afe18779ae98611e160f3dd58bf0	immutable
legacy-non-arm	tools/icache/ice2aout.c	legacy/non-arm/mips-pic32/tools/icache/ice2aout.c	ce3ab28ee962114676d87699a2cae967c9a691d6	48c8b1c4469864c69f296afd4aeace07265e15d84bfe8a70f9e1900c58bd6edf	immutable
legacy-non-arm	tools/icache/license.txt	legacy/non-arm/mips-pic32/tools/icache/license.txt	449e8edb8d151757efbc5632d81dd49560e252ac	089aa333518952da8843bfaf18ed3704bb0bbf86471998547afb2b1b9b7768ae	immutable
legacy-non-arm	tools/icache/readme.txt	legacy/non-arm/mips-pic32/tools/icache/readme.txt	8cdb63b7ee4a675805f5d90c5946ac82be1f686d	eaf237715b7fd37a3cc93b1b6c4ecc704be6c2f1fc4707da5f16764ae8c3fb0f	immutable
legacy-non-arm	tools/mkrd/.gitignore	legacy/non-arm/mips-pic32/tools/mkrd/.gitignore	b34bdc16e377e1ffb99df64cc4bd879ac76b6a6e	74e83fb7834d7793adba0340d888fe1f6f8daef256ae66af5c898192afda9880	immutable
legacy-non-arm	tools/mkrd/Makefile	legacy/non-arm/mips-pic32/tools/mkrd/Makefile	376670f990bd47b89aaefd4ef64f540ea61d007a	4508fee08b7b48e009f9c1d13d25ed029fa04fa04f8e2fe281353f295674b831	immutable
legacy-non-arm	tools/mkrd/mkrd.c	legacy/non-arm/mips-pic32/tools/mkrd/mkrd.c	734836533864d39068ad210535fede255b82bc50	0cfa49cc01b6cf51cb048f787ff5da978fecf56c21072a84aaffc53f36e9b4b6	immutable
legacy-non-arm	tools/mkrd/rdisk.h	legacy/non-arm/mips-pic32/tools/mkrd/rdisk.h	139c3abb0b3012a97932431cb9a49f094b606b9d	d4707e81d87f1f4013d37a97ad466f516eadf9a4c403a1c1b5756038d977800d	immutable
legacy-non-arm	tools/openbsd/ports/mystuff/devel/mips-elf/Makefile	legacy/non-arm/mips-pic32/tools/openbsd/ports/mystuff/devel/mips-elf/Makefile	fff4c5b6ed0f0ad1d3ccc6097c7ddf3675f51cef	4aa34f666b65c5ccc9864d3dd9356c31777c1216d4ab4ece63c96db045e36e76	immutable
legacy-non-arm	tools/openbsd/ports/mystuff/devel/mips-elf/Makefile.inc	legacy/non-arm/mips-pic32/tools/openbsd/ports/mystuff/devel/mips-elf/Makefile.inc	d536ee337c863ca1cd5636411c695b05ec144355	fc09a2080029f382778185f002d9d699d96852ba2cadf86cd2babeac9aba0794	immutable
legacy-non-arm	tools/openbsd/ports/mystuff/devel/mips-elf/binutils/Makefile	legacy/non-arm/mips-pic32/tools/openbsd/ports/mystuff/devel/mips-elf/binutils/Makefile	b1937e9449815b2ed882535786afd8612bdd32a7	e0b25e01ae140968c1a09292bf947de91491de305d7229394c1e4175b8fb659d	immutable
legacy-non-arm	tools/openbsd/ports/mystuff/devel/mips-elf/binutils/distinfo	legacy/non-arm/mips-pic32/tools/openbsd/ports/mystuff/devel/mips-elf/binutils/distinfo	aa03d28255d78caf8b6d500a55051c998bf52a3e	510fdc6cce4a50a07d411df1d6b532cd91d6c110e57b9900b31623d08772ed2f	immutable
legacy-non-arm	tools/openbsd/ports/mystuff/devel/mips-elf/binutils/patches/patch-bfd_Makefile_in	legacy/non-arm/mips-pic32/tools/openbsd/ports/mystuff/devel/mips-elf/binutils/patches/patch-bfd_Makefile_in	0e55e0a6605a4a28e405a98131de603685d64315	19e8ddc44dbba1f2c302abc346d4323bf5eda3dee59c982a1206555a56beacc1	immutable
legacy-non-arm	tools/openbsd/ports/mystuff/devel/mips-elf/binutils/patches/patch-binutils_Makefile_in	legacy/non-arm/mips-pic32/tools/openbsd/ports/mystuff/devel/mips-elf/binutils/patches/patch-binutils_Makefile_in	88356d74858e35cc2dc796cbdc38cbe7d16ad08e	7153d29e9d062db352e0957fdccdfab30f40d124a092d7429aaf59f51761eae0	immutable
legacy-non-arm	tools/openbsd/ports/mystuff/devel/mips-elf/binutils/patches/patch-gas_Makefile_in	legacy/non-arm/mips-pic32/tools/openbsd/ports/mystuff/devel/mips-elf/binutils/patches/patch-gas_Makefile_in	a6c27d797638b76d766a339433bf6c636ceed437	3ea42a58e0f7430525b7a86aa2abc4d029582d24d09a20d565c270ebfac3a70d	immutable
legacy-non-arm	tools/openbsd/ports/mystuff/devel/mips-elf/binutils/patches/patch-gprof_Makefile_in	legacy/non-arm/mips-pic32/tools/openbsd/ports/mystuff/devel/mips-elf/binutils/patches/patch-gprof_Makefile_in	d9f5f7bd534ff0e2edc81901de058b0bf2b0ec94	58c105360a9a54414876894a7d90c668ab8c8a8c05564495704810d25d811904	immutable
legacy-non-arm	tools/openbsd/ports/mystuff/devel/mips-elf/binutils/patches/patch-ld_Makefile_in	legacy/non-arm/mips-pic32/tools/openbsd/ports/mystuff/devel/mips-elf/binutils/patches/patch-ld_Makefile_in	b121dc3e4354d205a8f6fd2f3856d5b2a4a5ec00	7306d8f3e742e75478b1a8e2d378a6ae897791584d8cdcacb221e90b0865f7c5	immutable
legacy-non-arm	tools/openbsd/ports/mystuff/devel/mips-elf/binutils/patches/patch-libctf_Makefile_in	legacy/non-arm/mips-pic32/tools/openbsd/ports/mystuff/devel/mips-elf/binutils/patches/patch-libctf_Makefile_in	3740dbfedc7d568d60b4d49b2c2ced6409d5df4d	3eb27f2fdc25dee00a75e6f9582117468c5b55f5e21f542b6b4739a29593bd49	immutable
legacy-non-arm	tools/openbsd/ports/mystuff/devel/mips-elf/binutils/patches/patch-libiberty_Makefile_in	legacy/non-arm/mips-pic32/tools/openbsd/ports/mystuff/devel/mips-elf/binutils/patches/patch-libiberty_Makefile_in	1d096201bfd91afe26c1712a6e253cacb8a9e834	47a56de36755e1870285052845917564803e69942180cec9aafbd31019539eb5	immutable
legacy-non-arm	tools/openbsd/ports/mystuff/devel/mips-elf/binutils/patches/patch-libsframe_Makefile_in	legacy/non-arm/mips-pic32/tools/openbsd/ports/mystuff/devel/mips-elf/binutils/patches/patch-libsframe_Makefile_in	48a35044a59c0074514eae8915c00bf87bd396c9	fdc1bba343e938724c8706677fcfb73249883d0aa75a13744bae85ff659ec74d	immutable
legacy-non-arm	tools/openbsd/ports/mystuff/devel/mips-elf/binutils/pkg/DESCR	legacy/non-arm/mips-pic32/tools/openbsd/ports/mystuff/devel/mips-elf/binutils/pkg/DESCR	f523cf90a6b3912f2f033512b8d949a97a173bbb	b05bf6a5753f8d41042f69859d81a13a347cabb5f953ccb1eccc5a02c7604138	immutable
legacy-non-arm	tools/openbsd/ports/mystuff/devel/mips-elf/binutils/pkg/PLIST	legacy/non-arm/mips-pic32/tools/openbsd/ports/mystuff/devel/mips-elf/binutils/pkg/PLIST	61aabb850b1909d3412415d8940a367ea741142e	79bacef12863fb03801025884ff9e22a47352f0d802bfe7179e0e950c3f4e638	immutable
legacy-non-arm	tools/openbsd/ports/mystuff/devel/mips-elf/gcc/Makefile	legacy/non-arm/mips-pic32/tools/openbsd/ports/mystuff/devel/mips-elf/gcc/Makefile	c3db3d0d3450c4478577dfbe108d6e8cd7fb46ce	88ecf41297c4d9fd8368ef2e096d3d734813b0a98f9a2d1edf2b79b3c9531881	immutable
legacy-non-arm	tools/openbsd/ports/mystuff/devel/mips-elf/gcc/distinfo	legacy/non-arm/mips-pic32/tools/openbsd/ports/mystuff/devel/mips-elf/gcc/distinfo	6cf177ba4961f74d7d235ff3164218a7a233b45d	6f27eed7ad9e01cccafbc63b29d5ccc09a38d5d0fb078af57e6141bb0a06d514	immutable
legacy-non-arm	tools/openbsd/ports/mystuff/devel/mips-elf/gcc/patches/patch-Makefile_in	legacy/non-arm/mips-pic32/tools/openbsd/ports/mystuff/devel/mips-elf/gcc/patches/patch-Makefile_in	4905d8d235c38a9ac404c6c969635fca80bcbc35	2fa726b5ba0063f0de228553c62974a5505fab31016c9a1181a1165fd8fd8465	immutable
legacy-non-arm	tools/openbsd/ports/mystuff/devel/mips-elf/gcc/patches/patch-gcc_Makefile_in	legacy/non-arm/mips-pic32/tools/openbsd/ports/mystuff/devel/mips-elf/gcc/patches/patch-gcc_Makefile_in	67ca004ec32c3600d88a61644032dafcf28bcbac	49188c470434ed6b823fb5006adf6964658b8f16d0cd811a82b365f3af6e744e	immutable
legacy-non-arm	tools/openbsd/ports/mystuff/devel/mips-elf/gcc/patches/patch-gcc_common_opt	legacy/non-arm/mips-pic32/tools/openbsd/ports/mystuff/devel/mips-elf/gcc/patches/patch-gcc_common_opt	48d882d6f045941ef863bd570de352d7c909ed37	5cc9673991a0917d4aa215cf3d1663af452bd0899bf2dae891b239353a44877c	immutable
legacy-non-arm	tools/openbsd/ports/mystuff/devel/mips-elf/gcc/patches/patch-gcc_config_host	legacy/non-arm/mips-pic32/tools/openbsd/ports/mystuff/devel/mips-elf/gcc/patches/patch-gcc_config_host	29975eff7e8b254456b70f98df504b4131b1d844	b7aa4a1b090959fc90f4b1cff342c90fdef99a37765b960906d392af8c09378a	immutable
legacy-non-arm	tools/openbsd/ports/mystuff/devel/mips-elf/gcc/patches/patch-gcc_configure	legacy/non-arm/mips-pic32/tools/openbsd/ports/mystuff/devel/mips-elf/gcc/patches/patch-gcc_configure	0bef668b487b5602c7aa5c9004bb923f6b9e3520	d548bf28d4cdb79806e9ecdb601fe7b09aefd634b908b1f83eb18f8c783d456c	immutable
legacy-non-arm	tools/openbsd/ports/mystuff/devel/mips-elf/gcc/patches/patch-libcc1_connection_cc	legacy/non-arm/mips-pic32/tools/openbsd/ports/mystuff/devel/mips-elf/gcc/patches/patch-libcc1_connection_cc	432523bac157b5cdbc76aad621cdc3a4140b4613	fc8e87ebaf68f85d36b77a4e0de36e2239c83317314138a7a5cb4d2d6b3bdf63	immutable
legacy-non-arm	tools/openbsd/ports/mystuff/devel/mips-elf/gcc/patches/patch-libgcc_Makefile_in	legacy/non-arm/mips-pic32/tools/openbsd/ports/mystuff/devel/mips-elf/gcc/patches/patch-libgcc_Makefile_in	a874c18315e3a2ca2cb96f9d49d51c955b849f0e	39bf6b40fdfab2b23c0569ab1f4d95fdedeb255900413ad71a4690a02b225f01	immutable
legacy-non-arm	tools/openbsd/ports/mystuff/devel/mips-elf/gcc/patches/patch-libgcc_config_host	legacy/non-arm/mips-pic32/tools/openbsd/ports/mystuff/devel/mips-elf/gcc/patches/patch-libgcc_config_host	efa85214055e3202a996370557000d9f86473006	2173defaf099a78d21f74acb6578d69117f3c1e63ed6682858778044daad761a	immutable
legacy-non-arm	tools/openbsd/ports/mystuff/devel/mips-elf/gcc/patches/patch-libiberty_Makefile_in	legacy/non-arm/mips-pic32/tools/openbsd/ports/mystuff/devel/mips-elf/gcc/patches/patch-libiberty_Makefile_in	1d096201bfd91afe26c1712a6e253cacb8a9e834	47a56de36755e1870285052845917564803e69942180cec9aafbd31019539eb5	immutable
legacy-non-arm	tools/openbsd/ports/mystuff/devel/mips-elf/gcc/pkg/DESCR	legacy/non-arm/mips-pic32/tools/openbsd/ports/mystuff/devel/mips-elf/gcc/pkg/DESCR	5d56ba94e1ac92fad3344da07e1f81aa3b2f6327	65207a46b718c0656a2098ea395d4421b2a3ccd6da1bfc53e7d3e00116cb6438	immutable
legacy-non-arm	tools/openbsd/ports/mystuff/devel/mips-elf/gcc/pkg/PLIST	legacy/non-arm/mips-pic32/tools/openbsd/ports/mystuff/devel/mips-elf/gcc/pkg/PLIST	436c4ab2fb85b7371ac5cd7068b875f36278101f	fbd42997201095c47522af848c6d6b32812bfbcc559256ce0333bf48add6daf9	immutable
legacy-non-arm	tools/virtualmips/.gitignore	legacy/non-arm/mips-pic32/tools/virtualmips/.gitignore	369a0abb576f77f8f0a69cbeca3bcbac8f0c6ae8	77bbc07697b61fb8c57b1389c25c0c4a5e14e4bb4671a93a63fa283da00fc94f	immutable
legacy-non-arm	tools/virtualmips/LICENSE	legacy/non-arm/mips-pic32/tools/virtualmips/LICENSE	c4744174cb497bd64909a4d4a7144734998142db	41b83c505a8b6b9962b5bbf8b8ffc2966e0489419161c9ca36298a12e6609fd2	immutable
legacy-non-arm	tools/virtualmips/Makefile	legacy/non-arm/mips-pic32/tools/virtualmips/Makefile	a4f2c5fbc7613c9dda184807a22eac275ab9b47f	7373fb1b4d5b19493c6b9dcde75c6b0e3c3569b663bbfb78f8e8e87df6bf3ce5	immutable
legacy-non-arm	tools/virtualmips/README	legacy/non-arm/mips-pic32/tools/virtualmips/README	54b2f614f463230bf2fd96d8f82e019c55473d8d	58f943f230ac52fe78ec7ba5b87f8763ae2bd2818c1129bad1ce3cfb7eed2882	immutable
legacy-non-arm	tools/virtualmips/SConstruct	legacy/non-arm/mips-pic32/tools/virtualmips/SConstruct	567997cef1b9d454ee7bf8d11a9885a691af4107	848108cbed2d150f74967bdf2dbde5fc5751dcc6a3c96d8a4434d3b379db5219	immutable
legacy-non-arm	tools/virtualmips/adm5120/adm5120.c	legacy/non-arm/mips-pic32/tools/virtualmips/adm5120/adm5120.c	fee0a0fe6c343737350b49247eac068604cf80a1	4730861aad72a5b4ac2a5c9dfdfe15ee644d0ef4be5e8ec2d670230fdce668df	immutable
legacy-non-arm	tools/virtualmips/adm5120/adm5120.conf	legacy/non-arm/mips-pic32/tools/virtualmips/adm5120/adm5120.conf	a5508e83bbc65764db465f55c81f93e9ae214fa3	70c9b79f280604e178787c015056499a5de48b7129b0932839438044ddaa3294	immutable
legacy-non-arm	tools/virtualmips/adm5120/adm5120.h	legacy/non-arm/mips-pic32/tools/virtualmips/adm5120/adm5120.h	09bc3cb25d2a1974c94d68caa91235adec8331ad	0a9623bd6518e5f82107b4ae805f9dbc64c0d8e5fae748800bb229b0864ef681	immutable
legacy-non-arm	tools/virtualmips/adm5120/adm5120_dev_intctrl.c	legacy/non-arm/mips-pic32/tools/virtualmips/adm5120/adm5120_dev_intctrl.c	bc8bfbe73658dae6147c18e02e8e23fd5f0dd083	8a206886b2befb9c43cbc078e6e41a48ae78ae12ebbf7c697265986582b1158d	immutable
legacy-non-arm	tools/virtualmips/adm5120/adm5120_dev_mpmc.c	legacy/non-arm/mips-pic32/tools/virtualmips/adm5120/adm5120_dev_mpmc.c	03529bd43e99909478d616d5bd9f5f2c9ca2ab5a	a4202d589a626258871f14cfdc6abe401b5cfdff94bb58135082ab7d643b74ee	immutable
legacy-non-arm	tools/virtualmips/adm5120/adm5120_dev_pci.c	legacy/non-arm/mips-pic32/tools/virtualmips/adm5120/adm5120_dev_pci.c	10eca42302e3689ab3f40cf20c6b2aafb0784ea4	079bad70b4abeddab4be2afc355bc7de67e086c41346937a8eb999669d58eb58	immutable
legacy-non-arm	tools/virtualmips/adm5120/adm5120_dev_sw.c	legacy/non-arm/mips-pic32/tools/virtualmips/adm5120/adm5120_dev_sw.c	d4df1656b5bf59d914678de199021b4e28a929b7	f2672f7bb54f5781ae1c4d53469c2e1b343f382fa0d501714f3cb52398fa6d76	immutable
legacy-non-arm	tools/virtualmips/adm5120/adm5120_dev_uart.c	legacy/non-arm/mips-pic32/tools/virtualmips/adm5120/adm5120_dev_uart.c	b40640175a30366bfa10c45a0f4509d2c2baf1d6	316ce0d32076fd76e664897fd176768398d5e4484acb3bffea7c1423d0d02494	immutable
legacy-non-arm	tools/virtualmips/adm5120/adm5120_host_alarm.c	legacy/non-arm/mips-pic32/tools/virtualmips/adm5120/adm5120_host_alarm.c	be89a7e2118ef53c07c5f573c2edb3477ee3211e	dc4810383a09c0e15269bfae96b73fd4a261dc1d861dfab79233ff7abc3ed520	immutable
legacy-non-arm	tools/virtualmips/bsd_syscalls.h	legacy/non-arm/mips-pic32/tools/virtualmips/bsd_syscalls.h	0bd0ae8c3807ada4c7169ec17a013772ae4c86b8	970bd1744dabf69100434e5c65030a61038fa8c2f95dd4e6c7272c0f46a8ec02	immutable
legacy-non-arm	tools/virtualmips/config.c	legacy/non-arm/mips-pic32/tools/virtualmips/config.c	001535a50b9c783de21972fd1db20325d0a1d596	e1fe41ecafc1f452afe6252570bc965c008afe9df5a15f22b78e8584e037a834	immutable
legacy-non-arm	tools/virtualmips/config.h	legacy/non-arm/mips-pic32/tools/virtualmips/config.h	75ff6ac3fd25ba96bc1f56372daf184959eda9f8	4915b161443256bfc89a6cef79a85d42e0ffbc7e7909a85bac2bb1c747cf48fa	immutable
legacy-non-arm	tools/virtualmips/cpu.c	legacy/non-arm/mips-pic32/tools/virtualmips/cpu.c	32541a7fba779e956534922f32e98bf953c80365	552e6dcf014f5fda11f08dbcb7a99b0d2dac1026ff818fa7e8a2ea61a69693b6	immutable
legacy-non-arm	tools/virtualmips/cpu.h	legacy/non-arm/mips-pic32/tools/virtualmips/cpu.h	b39463961d1c2050ce794bc1473b6a62b7f8f86d	7e53a0bf8ee940b764ab4e1b2f1a80a052048e1149dd40f91b4d9984296a2e48	immutable
legacy-non-arm	tools/virtualmips/crc.c	legacy/non-arm/mips-pic32/tools/virtualmips/crc.c	11445899d3df94e0ed6fbeea079d9ed8a0205cb7	fefddbf8139edf373e162e6f0fce5b68d65081c32ab3f807fd861a7927fcc4c5	immutable
legacy-non-arm	tools/virtualmips/crc.h	legacy/non-arm/mips-pic32/tools/virtualmips/crc.h	01d451bf17c4dd64eb60781ec23e17279e2e3770	49a500abfa1cee0cd61061949af82c3d1a00156260839a338fff307b5924c3ed	immutable
legacy-non-arm	tools/virtualmips/debug.c	legacy/non-arm/mips-pic32/tools/virtualmips/debug.c	26f0668f7fc5e6d4dfbce1597407d41b0d1ac41d	4f0005115c75375269608f65a0ce32ce889949cf37d2bb95924d955ffac9d2fc	immutable
legacy-non-arm	tools/virtualmips/debug.h	legacy/non-arm/mips-pic32/tools/virtualmips/debug.h	ab929bc096792ac6b0d1c5f3f05ad5ae556be74c	16bdd16e27babf0d920e4dcd5743de0f6220cb8e92d4dd0e9c4c33041bf26fcd	immutable
legacy-non-arm	tools/virtualmips/dev_cs8900.c	legacy/non-arm/mips-pic32/tools/virtualmips/dev_cs8900.c	5ee1f8f477781c865cb6b1180b8af8e345cb5f9e	6436b07a029f37fb447b0dcdabd76f8e5a4d518366bd6c9e44106a2d5df29431	immutable
legacy-non-arm	tools/virtualmips/dev_cs8900.h	legacy/non-arm/mips-pic32/tools/virtualmips/dev_cs8900.h	48ac5819f0f678223a7f5f29ccbc886968716346	3a2212a7e8493b0a17354578ddb3b2dd1998ed76c3f417f1766868eb4c0ac738	immutable
legacy-non-arm	tools/virtualmips/dev_nand_flash_1g.c	legacy/non-arm/mips-pic32/tools/virtualmips/dev_nand_flash_1g.c	a5c6ed5e30cb200374200885caebd487ed8d3e8c	427f59d20028c4487a2ac09be2ce050ace24aef997363f244364a577369cc2df	immutable
legacy-non-arm	tools/virtualmips/dev_nand_flash_1g.h	legacy/non-arm/mips-pic32/tools/virtualmips/dev_nand_flash_1g.h	dfc21c702510b028903af3e8ea8fba2313ad7391	f5991144ea85f497115029713bda9a5603edaec5fd9baab677cd8b03ff4c7362	immutable
legacy-non-arm	tools/virtualmips/dev_nor_flash_4m.c	legacy/non-arm/mips-pic32/tools/virtualmips/dev_nor_flash_4m.c	03df5e58baf25668a07845730fb7c4e05aa98949	256ccf731638fa95f395c744fc45d9f599934014f857fc83ecbabf0577b534a3	immutable
legacy-non-arm	tools/virtualmips/dev_ram.c	legacy/non-arm/mips-pic32/tools/virtualmips/dev_ram.c	99c5f68bae2c523dfa500d3f9ed6b0b744f34a78	f480b988183888475f03de51e3f88e94277d714bd52a3dc91175b9c1a17298a3	immutable
legacy-non-arm	tools/virtualmips/dev_sdcard.c	legacy/non-arm/mips-pic32/tools/virtualmips/dev_sdcard.c	4e4eeebbcf0d35ab397422401824b93b8ed934e7	c13e69258556977d42f26d1440077b810fdaf0f58c0ba3297283a51c4f5111f9	immutable
legacy-non-arm	tools/virtualmips/dev_sdcard.h	legacy/non-arm/mips-pic32/tools/virtualmips/dev_sdcard.h	f98eca03d3a949cf4dc3ff5b7c77dc5a9f3511fa	0da92f22dd72a59d88446120ce6ad3f55855ea31f8537cc7de92e7e7f3cf0c93	immutable
legacy-non-arm	tools/virtualmips/dev_swap.c	legacy/non-arm/mips-pic32/tools/virtualmips/dev_swap.c	9e2f79606496ff21c11a44e4d58459be90a581fb	cea2b5bf8f7b12972c27bbab5a09ee9e7ddb1fff2cef2cb370a8d575f4867636	immutable
legacy-non-arm	tools/virtualmips/dev_swap.h	legacy/non-arm/mips-pic32/tools/virtualmips/dev_swap.h	96fe56174139b454ac186141eced9462e80436e7	58ace4a4587a6cac8840d30e785225986a11c95a88a3016d5ede611a00b38a44	immutable
legacy-non-arm	tools/virtualmips/dev_vtty.c	legacy/non-arm/mips-pic32/tools/virtualmips/dev_vtty.c	29d9fecad413dd5590a20834eba3ffb83b33e078	322b7578db472015b12702ac1529530c36f1a996d2692e929eb159091ddb20fb	immutable
legacy-non-arm	tools/virtualmips/dev_vtty.h	legacy/non-arm/mips-pic32/tools/virtualmips/dev_vtty.h	3ebaf3267b6d01b9cf3e7962efec69ff22faab01	fd3a2d66d23d4f8489eedb0e3ad3eac91b667f564a4bbaf8eaef6034b7e37356	immutable
legacy-non-arm	tools/virtualmips/device.c	legacy/non-arm/mips-pic32/tools/virtualmips/device.c	f8e3f3d0373b73e03001631326c824e68b94888c	9e535107b81efa3f327c60e4bc87d8ced5f8c6ba33bafd5c98e1eaaf5df5a7e9	immutable
legacy-non-arm	tools/virtualmips/device.h	legacy/non-arm/mips-pic32/tools/virtualmips/device.h	e72bc24dac634f1fa2fd693eb9d6507c41740843	9977e6cb114851d661f48cb993eb5621d6852b77225abb1cad4e05cf5027aa5e	immutable
legacy-non-arm	tools/virtualmips/gdb_interface.c	legacy/non-arm/mips-pic32/tools/virtualmips/gdb_interface.c	87ae0c03625c5bdb67c74041999315f4daf2769a	56ebbb095f6d335bc6408d48652b649d336fd0089b628589043939455e9ea394	immutable
legacy-non-arm	tools/virtualmips/gdb_interface.h	legacy/non-arm/mips-pic32/tools/virtualmips/gdb_interface.h	897b236e1e5c5f83c187ccd6247305afc3f9bb06	13b14a550ce663433ca330418e088399f171cd8f366907584b6c8a3ffcf12f5a	immutable
legacy-non-arm	tools/virtualmips/jz4740/jz4740.c	legacy/non-arm/mips-pic32/tools/virtualmips/jz4740/jz4740.c	2e0a6ce7ffa31790b28297eef99fb78bb90cc05b	e541e5490ffb12b3014486d858a7e0bbc1336ac6a721b0c305ef9eeeae0b8c46	immutable
legacy-non-arm	tools/virtualmips/jz4740/jz4740.h	legacy/non-arm/mips-pic32/tools/virtualmips/jz4740/jz4740.h	4c9ee19983e0ac9e13b4982500c9f0e32ddb910f	f9f1b39305e761754a57498ab49a863051ca533e0b6d4564145442fcbfa1ea65	immutable
legacy-non-arm	tools/virtualmips/jz4740/jz4740_dev_cpm.c	legacy/non-arm/mips-pic32/tools/virtualmips/jz4740/jz4740_dev_cpm.c	a17da233944c3b6235873cf05b6977a4b65eb400	8fb0b5f69f6e57d7a48e2fe31a004c9ea23e9edbd9840cfe67c7376868fba112	immutable
legacy-non-arm	tools/virtualmips/jz4740/jz4740_dev_dma.c	legacy/non-arm/mips-pic32/tools/virtualmips/jz4740/jz4740_dev_dma.c	7792f6f920a701f2abf6beac7ff3957aae1bd5a5	b7039286c1878083e6f124dd00f1b3eebca49aa4452156aaa2642eb3a9896a7d	immutable
legacy-non-arm	tools/virtualmips/jz4740/jz4740_dev_emc.c	legacy/non-arm/mips-pic32/tools/virtualmips/jz4740/jz4740_dev_emc.c	11a10b4b1aec00352fbda7dab12f68288e861457	04391fdc14a319922958f75f09936a61653bbb7bee59ddceaeea4d4f053e6222	immutable
legacy-non-arm	tools/virtualmips/jz4740/jz4740_dev_gpio.c	legacy/non-arm/mips-pic32/tools/virtualmips/jz4740/jz4740_dev_gpio.c	1c5cbe385dfddc7d0a357ce6bf1325967df8b8d3	8aa175a98c32380f62a96d47e06d581751675be6c67736906c5573edce8459e9	immutable
legacy-non-arm	tools/virtualmips/jz4740/jz4740_dev_int.c	legacy/non-arm/mips-pic32/tools/virtualmips/jz4740/jz4740_dev_int.c	292f937ed76cafaf40596f189a3bd4236f479264	181419f5542f07b6d57511686c2e5df657d81fcb11bff11bdab92b15613abdcb	immutable
legacy-non-arm	tools/virtualmips/jz4740/jz4740_dev_lcd.c	legacy/non-arm/mips-pic32/tools/virtualmips/jz4740/jz4740_dev_lcd.c	07d9f55d0ad6ca64a8bab4bd91a59f46a1b65804	0350d43738843995f457f684275e98fef09ad43cc33c77129611ceb0ebc7fca6	immutable
legacy-non-arm	tools/virtualmips/jz4740/jz4740_dev_rtc.c	legacy/non-arm/mips-pic32/tools/virtualmips/jz4740/jz4740_dev_rtc.c	47cb8a08d9470527e6d6687ad7283ec1dce548dc	bad67f41197ce8c60d8f0efdadc982c51b1ca79d3418c7f383857f84212f0e78	immutable
legacy-non-arm	tools/virtualmips/jz4740/jz4740_dev_ts.c	legacy/non-arm/mips-pic32/tools/virtualmips/jz4740/jz4740_dev_ts.c	bafea85697fbdf2cc095f0968f13669eb2f0a141	3e66aa25ddc94a619b56928110dd27d00fc069ae73e7d05ff80afe5e0a02d7ad	immutable
legacy-non-arm	tools/virtualmips/jz4740/jz4740_dev_uart.c	legacy/non-arm/mips-pic32/tools/virtualmips/jz4740/jz4740_dev_uart.c	1447a80c3961669248be941d52b56eea6f342046	a7082bf487157c77d183610effb1f48f30c2105a3be06b0018b71ee3232c809a	immutable
legacy-non-arm	tools/virtualmips/jz4740/jz4740_dev_wdt_tcu.c	legacy/non-arm/mips-pic32/tools/virtualmips/jz4740/jz4740_dev_wdt_tcu.c	6d139e23ca89b501fc47872407fb75ea3a5312f4	b3eb99004b6d1fbf1cb2be7cdfc80e10fbd4d29152ab84c476e27f713ec8cf68	immutable
legacy-non-arm	tools/virtualmips/m4k.c	legacy/non-arm/mips-pic32/tools/virtualmips/m4k.c	ef8ab8060cefb42c8e08ac33cd529502029edd62	179cb41712ac15fca5a516e0120f4edde714b6eb338f9b7daf5f14a533a56f85	immutable
legacy-non-arm	tools/virtualmips/m4k.h	legacy/non-arm/mips-pic32/tools/virtualmips/m4k.h	3d8cab15da91f814b80ea290fa56cc2c524d048e	d3155734ff766c17716bb974de45bab9a2de05d4b07c32d2f4e516c70c834081	immutable
legacy-non-arm	tools/virtualmips/main.c	legacy/non-arm/mips-pic32/tools/virtualmips/main.c	37fdf9a83c8dcf60667e9e13b8298c1f8f881099	d8b526c977fa52a5edd613f72c24ee313f9a9621433226e24bf11a935f691514	immutable
legacy-non-arm	tools/virtualmips/mempool.c	legacy/non-arm/mips-pic32/tools/virtualmips/mempool.c	1afe102ed8826ee839bad717083395084a17dcfc	c3c7e29aa0cc330c783f19bb4b4a95b065fcceae8605f51a0b8ba171a0b896a9	immutable
legacy-non-arm	tools/virtualmips/mempool.h	legacy/non-arm/mips-pic32/tools/virtualmips/mempool.h	8408453c87c1f2082efffc41cf9528f33cee6925	cf7aa4b5343d296ba4f6faa97b0e5559b8397a594450de9480a22c17b438ae5f	immutable
legacy-non-arm	tools/virtualmips/mips-dis.c	legacy/non-arm/mips-pic32/tools/virtualmips/mips-dis.c	68bded09e7eb5c3ef2d17abd6d4eff9e72296ff3	74675184908bd25a0fc8ac4f0e4f80c9be67874b5c5e545fb78517fabf919c8e	immutable
legacy-non-arm	tools/virtualmips/mips-opc.c	legacy/non-arm/mips-pic32/tools/virtualmips/mips-opc.c	99d9fcd17b4573fcc9735ad53ed71925413cd96d	1162a8f7864996cd90c2edb25f58f0c64ed0c9fc44848a22fcabd3cc41f6df50	immutable
legacy-non-arm	tools/virtualmips/mips-opcode.h	legacy/non-arm/mips-pic32/tools/virtualmips/mips-opcode.h	f9254e8e2ab0dbe7ff9b01bb641b3079f021e0a3	c47b35223ee986f6b93f751e609bbdc00dd800e91f4123319b16fc96cfea8843	immutable
legacy-non-arm	tools/virtualmips/mips.c	legacy/non-arm/mips-pic32/tools/virtualmips/mips.c	d534e2a6d4db757a089b9386ef3abbc83b612de4	75a052bda1cd480ed6a4391e1ad4781b4de93e471b8226e5f658da82c67a5eab	immutable
legacy-non-arm	tools/virtualmips/mips.h	legacy/non-arm/mips-pic32/tools/virtualmips/mips.h	02ab52ef288bb875c4fad53652d9ce8d213e52e6	c64337dcc010c1d6485b2a070ec8b4df810ecacb68d850b79a69821424b09b36	immutable
legacy-non-arm	tools/virtualmips/mips16-opc.c	legacy/non-arm/mips-pic32/tools/virtualmips/mips16-opc.c	2562e589431c6eff5a0db0d680e3a16dfb84607b	a3dde404cfd80628e022c339fcfe55ee796f5826f1fcea4fd86a2335ca01fb1a	immutable
legacy-non-arm	tools/virtualmips/mips_codetable.c	legacy/non-arm/mips-pic32/tools/virtualmips/mips_codetable.c	57b196e9cd9d1a6f873b9b7371a6e9d6c70b89bc	3aace3093ea2069191352bb132afc752f73ff6e50c128ac9c4748d459dd36339	immutable
legacy-non-arm	tools/virtualmips/mips_cp0.c	legacy/non-arm/mips-pic32/tools/virtualmips/mips_cp0.c	e3df3cbddbc5d59d4e76afbdccb4d9598e6b35f9	2d0dbf94bf330ade35a38a1c471d71367b065833ea36004c06d22198f4cb6646	immutable
legacy-non-arm	tools/virtualmips/mips_cp0.h	legacy/non-arm/mips-pic32/tools/virtualmips/mips_cp0.h	afd95c0b097e0df7aef13a09ff4c14b07e1a0cfc	aeb48edcebd80f8a223df63ba2b067eb50e5e81b567a0c7890b61b0be073c264	immutable
legacy-non-arm	tools/virtualmips/mips_exec.c	legacy/non-arm/mips-pic32/tools/virtualmips/mips_exec.c	7f90e59f6165646baf295ad549c78aec251b048a	4961c2d3e3f6e484525cbf46b6bc7f8d3da83385632ca134b94100319947a24f	immutable
legacy-non-arm	tools/virtualmips/mips_exec.h	legacy/non-arm/mips-pic32/tools/virtualmips/mips_exec.h	612d6bf35773bd94d6bfcf37dd5788dc98b615ec	9c891122046b8ae92e7941748100216feeb08134384d1166054d62d939a96801	immutable
legacy-non-arm	tools/virtualmips/mips_fdd.c	legacy/non-arm/mips-pic32/tools/virtualmips/mips_fdd.c	15494aa4233cf18fc9ecbac1010b2397cad0457f	cc4c63abbbf9f5958c81d45450ea1d07457431fe1738818d754d81f4229d0289	immutable
legacy-non-arm	tools/virtualmips/mips_fdd.h	legacy/non-arm/mips-pic32/tools/virtualmips/mips_fdd.h	cbe3c701f3a9fb2bb6f85b5ed9a3a8a8d86a8c9e	34260bf51351da8160e2a32f6ac9c19d5eb55f59e35284f0c53a2d1ec1af5d90	immutable
legacy-non-arm	tools/virtualmips/mips_hostalarm.c	legacy/non-arm/mips-pic32/tools/virtualmips/mips_hostalarm.c	df14b01c297fff3490008aae67f9678c7f925fc2	0082d842a3955018c83835c7bc096cf2027dd65f5fc8d9281ecdcf027173e6a3	immutable
legacy-non-arm	tools/virtualmips/mips_hostalarm.h	legacy/non-arm/mips-pic32/tools/virtualmips/mips_hostalarm.h	77c216895e88e0dfdc77e6d6d1e7a1f69bdd97a6	d3907739824abc92d08a73be39fcae38dfeaf4589f02e223520e99269a2314fa	immutable
legacy-non-arm	tools/virtualmips/mips_jit.c	legacy/non-arm/mips-pic32/tools/virtualmips/mips_jit.c	773f7ec94cbd4d5ae459355e3e6a21ce8ccd1797	ffb9465b9def24a72823e02bb6a3f79ed7c10f17723d4ed6ae2366d5d8a7fd89	immutable
legacy-non-arm	tools/virtualmips/mips_jit.h	legacy/non-arm/mips-pic32/tools/virtualmips/mips_jit.h	5f770790cdb106205b4f8a876242f5dc51880498	8a1f67aca6135cba5e9c1dfeb408f7c5dd0acd9a32c5cf75c9ad15502630c8fb	immutable
legacy-non-arm	tools/virtualmips/mips_memory.c	legacy/non-arm/mips-pic32/tools/virtualmips/mips_memory.c	93911ff692131a69c9b53a19b288f08023bf65e4	dc7e2c19a9acc630ae4ac7575f686497166b9fcc32936b97636c915bf39a96fb	immutable
legacy-non-arm	tools/virtualmips/mips_memory.h	legacy/non-arm/mips-pic32/tools/virtualmips/mips_memory.h	8e30ad355a2dcb020b8c57dc3090e8c16bd23985	278edddbe8c51d7eaf4556f28d8ff4d7559a1dd107ed6e26cf8b239e8c6af349	immutable
legacy-non-arm	tools/virtualmips/net.h	legacy/non-arm/mips-pic32/tools/virtualmips/net.h	62b1784acddb4f3685ad47ec9b293cf187d5622d	17bba1c95a017c6f0bbc59c0aa1f6fc6f478d8e24c04207d96714e68219fb12f	immutable
legacy-non-arm	tools/virtualmips/net_io.c	legacy/non-arm/mips-pic32/tools/virtualmips/net_io.c	6945bb11b549cb67c2cfd8d7918e5db0e9476557	f52dce449c1f1b976c6e467dab78bb51466b42a2dbfe74be50521d2b4aae3561	immutable
legacy-non-arm	tools/virtualmips/net_io.h	legacy/non-arm/mips-pic32/tools/virtualmips/net_io.h	1d38a8f6bccccb1ec4ba5d736e4a7e93d42c238a	c3fe42b8f7e044e97821880751e1d58fc22d288e4b65d9b8bfbeedfe1552602d	immutable
legacy-non-arm	tools/virtualmips/pavo.c	legacy/non-arm/mips-pic32/tools/virtualmips/pavo.c	84374cf831701cdc5ed667f0362102472d738414	df092d68ea4bfcb304b9405056f54a97316b14b52cf297dcf0ce60021e1df1cf	immutable
legacy-non-arm	tools/virtualmips/pavo.conf	legacy/non-arm/mips-pic32/tools/virtualmips/pavo.conf	a9a1018c8645360f3bc9d58e9a22d8fd0000d5d1	32ed41206838c2c6dc631166d94ce406be656dc5bfd3ec0384f6e5a02f2f6d28	immutable
legacy-non-arm	tools/virtualmips/pavo.h	legacy/non-arm/mips-pic32/tools/virtualmips/pavo.h	77d5b363e0a3a2208cfd95c1116de27f864ad1a0	755c6f3f5e7cbbbb0d7c2e8b18cdbcd41cfcf84341cf8e09f8859f3659c630b5	immutable
legacy-non-arm	tools/virtualmips/pic32.c	legacy/non-arm/mips-pic32/tools/virtualmips/pic32.c	72c81db908cdf06f63eadf07efdc08e137c038b9	12fe415f87e3d27706e6dc2d08296c60201b9194705b1f871422065ba99ffa35	immutable
legacy-non-arm	tools/virtualmips/pic32.h	legacy/non-arm/mips-pic32/tools/virtualmips/pic32.h	3e3a5fe460697a6f540b1bf059dacd276602a82e	8364bbe80ccd6a81dda9e028d5cffc35f959ef238345adf2661f86fddaf15aac	immutable
legacy-non-arm	tools/virtualmips/pic32_dev_adc.c	legacy/non-arm/mips-pic32/tools/virtualmips/pic32_dev_adc.c	a3ebe67b82291b50b7727e961ba657b0553e4e4a	dea8dffcde544a51e97909eb812eead2f4269b32f77396023d8bd1cbefbd5502	immutable
legacy-non-arm	tools/virtualmips/pic32_dev_bmxcon.c	legacy/non-arm/mips-pic32/tools/virtualmips/pic32_dev_bmxcon.c	13f79c32f43f8cae7d27ed11bb27ed7672aa8265	2caf6f28f4ab3dd0cdc5ccfeb849eb2d129287ba142626adf42f30e9c41f9f47	immutable
legacy-non-arm	tools/virtualmips/pic32_dev_devcfg.c	legacy/non-arm/mips-pic32/tools/virtualmips/pic32_dev_devcfg.c	1fd5ad12a998609f79b0c04650260db7418eb389	28da4dcbc52273461159b1e96eaa01e06d445778b50b27fa67eeb643991bfc57	immutable
legacy-non-arm	tools/virtualmips/pic32_dev_dmacon.c	legacy/non-arm/mips-pic32/tools/virtualmips/pic32_dev_dmacon.c	d1a37a41ceb9a26d730d21cf1de43d1ccc356db7	30c25964f8fd11633ddc9d49c8181f55ad6c8e43ab7fa521ba0b37ae6227b18d	immutable
legacy-non-arm	tools/virtualmips/pic32_dev_flash.c	legacy/non-arm/mips-pic32/tools/virtualmips/pic32_dev_flash.c	f0c21423e6443980fac47ac8fc8d21c85a43eb4f	4655dbe7de3484719acca74d4d22339c237c068aa5f561790391c4c881dadaba	immutable
legacy-non-arm	tools/virtualmips/pic32_dev_gpio.c	legacy/non-arm/mips-pic32/tools/virtualmips/pic32_dev_gpio.c	146ecceeb314148c703bc115b6a298681a9e0f5a	e26a2fec60b5bf17687bbca2eb4796f8b02231adfc7487ef7c86c642853038eb	immutable
legacy-non-arm	tools/virtualmips/pic32_dev_intcon.c	legacy/non-arm/mips-pic32/tools/virtualmips/pic32_dev_intcon.c	cf47b4cb0dc8fe503a44087279553f2b72f618e6	d21b8a5dc991bc10f5cc9972739b4cae35ff506f3fe0445be10375b86484029d	immutable
legacy-non-arm	tools/virtualmips/pic32_dev_prefetch.c	legacy/non-arm/mips-pic32/tools/virtualmips/pic32_dev_prefetch.c	e74a773b1d38281609c02f83cb583873b0d9dbdb	bed6271bb59ca3c1935ff52d75daa8a7a7d0f6f72edf9542676a46183e8c2bf9	immutable
legacy-non-arm	tools/virtualmips/pic32_dev_rtcc.c	legacy/non-arm/mips-pic32/tools/virtualmips/pic32_dev_rtcc.c	f53789788cfb567ecc4aca885a685c882d43cab2	0638aed30218c1c7a2b85a95c96b182d1ccdc861a82072767da07b556379231d	immutable
legacy-non-arm	tools/virtualmips/pic32_dev_spi.c	legacy/non-arm/mips-pic32/tools/virtualmips/pic32_dev_spi.c	22c6b7b93f13270d4c8e7cb1b7cb49d93503d58d	9c0483ddb1eb7ef796881e37a0361f096bb34b4818afbef05a36a41720f6a5d5	immutable
legacy-non-arm	tools/virtualmips/pic32_dev_syscon.c	legacy/non-arm/mips-pic32/tools/virtualmips/pic32_dev_syscon.c	63038fb7588bcfa6c62a7b695d4e6df9ffe57d4c	fb97faee226c41d5f98848a7262410006f7184591165382c2d97ceae241e49bc	immutable
legacy-non-arm	tools/virtualmips/pic32_dev_timer.c	legacy/non-arm/mips-pic32/tools/virtualmips/pic32_dev_timer.c	f0ea16d7c9a39ae460ce20f0059ef8967cb0be75	66bc000d5e60e2e5f83051e4eb2de2846af7e9d38072e6cda906c07bef3f6260	immutable
legacy-non-arm	tools/virtualmips/pic32_dev_uart.c	legacy/non-arm/mips-pic32/tools/virtualmips/pic32_dev_uart.c	8b26308f3e3066386f4f2fa6cd3bcc5806b3fa46	0d37ace8ce36caa21c2059f8d3cc536a9d86861b7d117e6a2a688fb1429a23c5	immutable
legacy-non-arm	tools/virtualmips/pic32_explorer16.conf	legacy/non-arm/mips-pic32/tools/virtualmips/pic32_explorer16.conf	0b078177f0e636aee65920b813a39c6b81128e2e	be2adb44c35277ae204a58387cad280c10f5c89520fd077cdf127acafc9ccd3e	immutable
legacy-non-arm	tools/virtualmips/pic32_max32.conf	legacy/non-arm/mips-pic32/tools/virtualmips/pic32_max32.conf	159eca98aa198cacea5f07cee3e036b07c884359	2da3eb03c32f99c7fa557805c7f011958a5bc7f4854824c91141a87af14abac2	immutable
legacy-non-arm	tools/virtualmips/pic32_maximite.conf	legacy/non-arm/mips-pic32/tools/virtualmips/pic32_maximite.conf	7ff6aeff3061fdbb22e8f13dd12adb6f4bb17c80	7e55c9f6e0f60bd6f763cce0b63cad997228d8fb777a0b06f9e9fb2a6ab63d64	immutable
legacy-non-arm	tools/virtualmips/pic32_ubw32.conf	legacy/non-arm/mips-pic32/tools/virtualmips/pic32_ubw32.conf	1afc20b92624b7dc3fcc07990b2f3b66f7931245	c5212a6b00fb6f5a41a2caaf21eb38d3b4d60216f946178baf391c248825c114	immutable
legacy-non-arm	tools/virtualmips/pic32mx.h	legacy/non-arm/mips-pic32/tools/virtualmips/pic32mx.h	529079a15a105d1335aca0dfea663d874f7dd288	9975b33bf5d29abc20fa9de53be4e99a42a4d4b24011d05946f940c8a4717334	immutable
legacy-non-arm	tools/virtualmips/sbox.c	legacy/non-arm/mips-pic32/tools/virtualmips/sbox.c	5e8081136073c677202e1758b745dbd0c451126d	1d2ce91f0a688987fbc0216bd2f0791083f2c10c4059feccf8c1397862006dec	immutable
legacy-non-arm	tools/virtualmips/sbox.h	legacy/non-arm/mips-pic32/tools/virtualmips/sbox.h	3e8cec3d239482351bab9e946299ca85f28a1704	8315994cc4fe54375d082b26f27b07231555d0769fbc516d95108211642d865f	immutable
legacy-non-arm	tools/virtualmips/system.h	legacy/non-arm/mips-pic32/tools/virtualmips/system.h	71d18c440503aba254a93a1e676ac65e8e8926ae	e7f16e6219a7b89331def05e11bf6789e5c532652242d37dfa59434aff125298	immutable
legacy-non-arm	tools/virtualmips/types.h	legacy/non-arm/mips-pic32/tools/virtualmips/types.h	dd1e9d24c88ea4cb07c9de799b0406622fd2261b	9414b25209fe13a6b770fa0ee13b7b6b103d017dfc325a56b0e20f25d5170d34	immutable
legacy-non-arm	tools/virtualmips/utils.c	legacy/non-arm/mips-pic32/tools/virtualmips/utils.c	29e1d0d4f4f87e052d648cead605a91e97825677	a362d517abb679b6611055656c92a462fb7f419953975b73045d1f9edb16647c	immutable
legacy-non-arm	tools/virtualmips/utils.h	legacy/non-arm/mips-pic32/tools/virtualmips/utils.h	740ea4e9d0ea046f950a9cb0c8f59681ce6d013a	14641b65c37982c7559f3ccf3094fcc776610750323a54b18281c90fabd0f93c	immutable
legacy-non-arm	tools/virtualmips/vm.c	legacy/non-arm/mips-pic32/tools/virtualmips/vm.c	4688b4ee2f792e69424ac8f03185f6b3ba43b74e	34f1fd22328bceacaf0fba672a1df234882a5b183c538078c59b36034e1ddd8d	immutable
legacy-non-arm	tools/virtualmips/vm.h	legacy/non-arm/mips-pic32/tools/virtualmips/vm.h	1428e124123862e209337f7551f5e782ff193494	72f26d619a547f7d1708cea7023615cefa2bf8945e045100b195c289599dd8ef	immutable
legacy-non-arm	tools/virtualmips/vp_clock.c	legacy/non-arm/mips-pic32/tools/virtualmips/vp_clock.c	55da534bcd7b3f19fec4fdccf63804df74c17ced	784009a1b5327090ed4a7ee00d5c4a8e73b0629020ec9480dcc9deb4e9219f6e	immutable
legacy-non-arm	tools/virtualmips/vp_clock.h	legacy/non-arm/mips-pic32/tools/virtualmips/vp_clock.h	d310f30a0290c8b18f34f482a82689ff220b7806	a05fc494f728b8e6fecd658982aa69feb2e575d9c7930921f12c316376fc8db7	immutable
legacy-non-arm	tools/virtualmips/vp_lock.h	legacy/non-arm/mips-pic32/tools/virtualmips/vp_lock.h	09bfc4f81fe9249930e2e3a6ff035d304cea9511	7c86a41c764264224661121807ba74f4a72ad031c096d2835a5bab138a04cec9	immutable
legacy-non-arm	tools/virtualmips/vp_sdl.c	legacy/non-arm/mips-pic32/tools/virtualmips/vp_sdl.c	ebbda874e107fb8c00ecb07ded21a16375fde229	bc536dff41f1652603ac8ebc7c060147a94dad3c31017df97f02643a64949cf1	immutable
legacy-non-arm	tools/virtualmips/vp_sdl.h	legacy/non-arm/mips-pic32/tools/virtualmips/vp_sdl.h	a66ec78285da12e2a02bbeb814ddfd8d5106f12a	9c21aba82fb964cf3f87b2718a5a2d819d3ddfee9572ed953f26f16496863c76	immutable
legacy-non-arm	tools/virtualmips/vp_timer.c	legacy/non-arm/mips-pic32/tools/virtualmips/vp_timer.c	6e08cdbf387e6bb608f102d5eaa6857db8c1033e	8c1ffe1c4d397a0571afcf8ef9ad9a82b3fcbc7c8bf09217e037182eeacc46db	immutable
legacy-non-arm	tools/virtualmips/vp_timer.h	legacy/non-arm/mips-pic32/tools/virtualmips/vp_timer.h	fec68f386f28f2149028db0c9082c74269e09597	f931adca2090133cb1e3544b49f5c1eb660b75b5cd99e57d6f23fd0086c3e3ae	immutable
legacy-non-arm	tools/virtualmips/x86-codegen.h	legacy/non-arm/mips-pic32/tools/virtualmips/x86-codegen.h	64d23c3336afb556748d3003348155674a0a3eaf	ebe8bdc8b058f6418eae1aa542ece9519b20243b55ca0911b1432f5c4558b7f3	immutable
legacy-non-arm	tools/virtualmips/x86_trans.c	legacy/non-arm/mips-pic32/tools/virtualmips/x86_trans.c	48c68ea2947e70d5fe40942a71349197891ebc5d	57ad4b2b427c6b2f6852f2ea0b6bd8aa91e09bc2ca737a7387a63f59934112a0	immutable
legacy-non-arm	tools/virtualmips/x86_trans.h	legacy/non-arm/mips-pic32/tools/virtualmips/x86_trans.h	330c02b25e241a972eb3fc22eca86607db8d2e93	b3dcee35a7892717aeba8ab08f8ef31ef8cc7af35c364431da6a1e834e98284d	immutable
legacy-non-arm	usr.bin/adb/.gitignore	legacy/non-arm/mips-pic32/usr.bin/adb/.gitignore	06e7af155b2d3d8733ee299d22dc54d2226f5121	bd18ec24d85e4b8195aa1694f835b191f3d2051ec0892883d13dd57892d97aac	immutable
legacy-non-arm	usr.bin/adb/Makefile	legacy/non-arm/mips-pic32/usr.bin/adb/Makefile	ac91fda11beba2ee8650215320720468d8fcb4e2	50e8488bdf991c86e1513a6246b3b844663ebfc2f40f28ce6b6a72412304b2c7	immutable
legacy-non-arm	usr.bin/adb/READ_ME	legacy/non-arm/mips-pic32/usr.bin/adb/READ_ME	cd2857a0355ca1d7aa90c57021263c0aebed12e7	124c00f6bf06216d76299b35c313b0607809f9b87b0ee9053334f13c5a4d6812	immutable
legacy-non-arm	usr.bin/adb/access.c	legacy/non-arm/mips-pic32/usr.bin/adb/access.c	f9d4a6d2a5a65911e2fb29ac8cc7646f3e9ef51c	a4ed5416d3b33505abab5ae25cc2fa6f12c410f809ded9c288d5df8860a07bfb	immutable
legacy-non-arm	usr.bin/adb/command.c	legacy/non-arm/mips-pic32/usr.bin/adb/command.c	41495d302ffbb949996e01a343ef666208e3be9c	6a0e8aa8e958b38d1f6bbdbf5fe15837d8be9309f3d213fbacfba31382937053	immutable
legacy-non-arm	usr.bin/adb/defs.h	legacy/non-arm/mips-pic32/usr.bin/adb/defs.h	2b6f244a61304c86967842e7285d7bc728baa7fc	7bbf1c41de5fa62242f5cfe3d6b1eee48b51826a7163c9b55f406e1882772baf	immutable
legacy-non-arm	usr.bin/adb/doc/adb-figures.ms	legacy/non-arm/mips-pic32/usr.bin/adb/doc/adb-figures.ms	83664739cde6ab1ac8409779dc3824665d008723	533378d041e536f02429406d52b8024d6aa3016d7039de336279c2ac1ca02978	immutable
legacy-non-arm	usr.bin/adb/doc/adb-figures.txt	legacy/non-arm/mips-pic32/usr.bin/adb/doc/adb-figures.txt	b9805ad78963d20f0aadf34cc21f27317f8e1b19	390ccc74fa8dc4a472a0950457c688cd7f347d8f7ea7ae8f39c50646977768ad	immutable
legacy-non-arm	usr.bin/adb/doc/adb-summary.txt	legacy/non-arm/mips-pic32/usr.bin/adb/doc/adb-summary.txt	336aabe65fde7f134a979c3fcf36d16a710de742	097341ef5f6f6d05e71cfe99cb1458dcf8d28b945ea6987b26bef70ee9c2a966	immutable
legacy-non-arm	usr.bin/adb/doc/adb.ms	legacy/non-arm/mips-pic32/usr.bin/adb/doc/adb.ms	13d3ed2212796bc64f151967ab3a7b523e9c1bfb	a59ac237d8c874ee30c5ec90cb1b8d58b6d678cf4cd01445b8cfc9f6a626a7a6	immutable
legacy-non-arm	usr.bin/adb/doc/adb.pdf	legacy/non-arm/mips-pic32/usr.bin/adb/doc/adb.pdf	9695e7fe683448a39332488fd39c90a909c0150d	ead1da2c829d96af08942eff601c510a64ac04549732a905b4ffcaacfb9e056b	immutable
legacy-non-arm	usr.bin/adb/doc/adb.txt	legacy/non-arm/mips-pic32/usr.bin/adb/doc/adb.txt	c44ac5b9f32f6c974af3fc2dff9c776c8c6c95e3	4eb9ecdf27694f212d81b135fb10c20ce83af0046e3d092873b99ce70751b8fb	immutable
legacy-non-arm	usr.bin/adb/expr.c	legacy/non-arm/mips-pic32/usr.bin/adb/expr.c	a16af8f0da4b789d61102ef1d433a5f14a6027f3	cdd6e202128678ceef8b714d9588afe5fe5fede0c992f393d79d2ca89395ce74	immutable
legacy-non-arm	usr.bin/adb/findfn.c	legacy/non-arm/mips-pic32/usr.bin/adb/findfn.c	cd27c4b1c1c4059e756db9fe974e1af9d8e7e5f3	3370b4478ba28b1be56cf610592e5d9122fb9139eed0f5f0e5504ef9ce389634	immutable
legacy-non-arm	usr.bin/adb/format.c	legacy/non-arm/mips-pic32/usr.bin/adb/format.c	f199b22d8958548180705c8cf51e37f858ed6f3b	bc4ad1e634cc244c889bbc5be5d9684222c074b8e5e78102060198d804e6a8c2	immutable
legacy-non-arm	usr.bin/adb/input.c	legacy/non-arm/mips-pic32/usr.bin/adb/input.c	bb03f9ede8b39046cdad1b37e4c3d87ce657b35c	2d5a7aee8e7ff112a3d01ebd4cc0481d21cada6b56d8cf5de0ea4d4dd10f69f6	immutable
legacy-non-arm	usr.bin/adb/main.c	legacy/non-arm/mips-pic32/usr.bin/adb/main.c	f46816a49df09c4c39700845fa40d2e35ea3f643	bbe94c2dfc0a2729c8daa5af1fe7d6a48e0480b2b355320d4e5100ef5d72f1c7	immutable
legacy-non-arm	usr.bin/adb/message.c	legacy/non-arm/mips-pic32/usr.bin/adb/message.c	beac312c223651d85741d3c5af8df33abfe5e3eb	35a4cea0a5ab1cd245a68dd6885aa76a1ee9bc46c8868e6cc99fd614b7286aff	immutable
legacy-non-arm	usr.bin/adb/opset.c	legacy/non-arm/mips-pic32/usr.bin/adb/opset.c	463fcca5a34b4966b6c75170688516f67dd1791b	4a0e4741fff64d11251f88f98a4cbb75ae1ab4bc7fc703d4eb579a45b3bf1e13	immutable
legacy-non-arm	usr.bin/adb/output.c	legacy/non-arm/mips-pic32/usr.bin/adb/output.c	bf7fd03d923cda4611c24d6b8f0556312053e744	d069211525d2cf65f410d95c30aacf3c9262f2a96ea59d4bfc88dcc54296bd11	immutable
legacy-non-arm	usr.bin/adb/pcs.c	legacy/non-arm/mips-pic32/usr.bin/adb/pcs.c	4ecd5ab8695074e8043449aaf988a3267fb5fb97	ef3fd18679dd656b55d7796395e19440100044a2939dcb6df416999781fa1311	immutable
legacy-non-arm	usr.bin/adb/print.c	legacy/non-arm/mips-pic32/usr.bin/adb/print.c	47c06e755e0cbb1152aa37e3e87cd9344ffa41e3	2888922b387a3c312adce971ecc0ef5cff279b8938b9b24fedd91b003d45c473	immutable
legacy-non-arm	usr.bin/adb/runpcs.c	legacy/non-arm/mips-pic32/usr.bin/adb/runpcs.c	42796b3c91ca0855fc1c4a8da829b4ba15754605	dc17037ba6153e8dce368197a7c7bf0c9f6a9dff823842c9934098f1210ec662	immutable
legacy-non-arm	usr.bin/adb/setup.c	legacy/non-arm/mips-pic32/usr.bin/adb/setup.c	dc1b9dbbd26c8f7a4c5b497f25895b2bb2b49f57	79b4f06a8dd19cc707cebf02eaf2929eaaf2413a280373b0a7da89ca687eea3d	immutable
legacy-non-arm	usr.bin/adb/sym.c	legacy/non-arm/mips-pic32/usr.bin/adb/sym.c	0028e755aac95b8b755a989e0a0733a9e8f69278	8d938cf1f6d546bd65e41aa3695ae6570234ae5cf86045b82405132c96b20713	immutable
legacy-non-arm	usr.bin/aout/.gitignore	legacy/non-arm/mips-pic32/usr.bin/aout/.gitignore	347b11f19c7c70c05ae11031c7adcada6ab3a59f	3731810bd8d178d3d116faee53c5d1ad4497e0bb21b18740d2156803b49aec50	immutable
legacy-non-arm	usr.bin/aout/Makefile	legacy/non-arm/mips-pic32/usr.bin/aout/Makefile	34f1700b009eef85e84350c8bba19534f4ffef66	25471adecfc024b3da48fd478bb843dd3598953db2c50ba3f43c1e1e8f8b781a	immutable
legacy-non-arm	usr.bin/aout/aout.c	legacy/non-arm/mips-pic32/usr.bin/aout/aout.c	dd9f1176b716e74ce659a58e8d7842c8eb6f8907	9faab5a4b33215958f458c780fe14dc90177cf1f0621dddcbf75a87bb4dbef3f	immutable
legacy-non-arm	usr.bin/aout/mips-dis.c	legacy/non-arm/mips-pic32/usr.bin/aout/mips-dis.c	accf939c7e372d6c628ad3b1f508cf29f138d144	9281df7515b615eb7a8d7aa1ea2ef0a0ecd62eb11a2c177ff9c44e86689b3b5a	immutable
legacy-non-arm	usr.bin/aout/mips-opc.c	legacy/non-arm/mips-pic32/usr.bin/aout/mips-opc.c	fa11255264f296e9ee61a71cb8586329d56ab623	6de92711623ea20a31b3805c94cf3a1df369a0a1778b274a057ec764dad675ac	immutable
legacy-non-arm	usr.bin/aout/mips-opcode.h	legacy/non-arm/mips-pic32/usr.bin/aout/mips-opcode.h	8bd75e87203ae9de9ff52a094c9699772538c198	7f7c7e37707c9bbb4103eff52a30ce4424bab6cc528afd653a4c701098a9b4a8	immutable
legacy-non-arm	usr.bin/aout/mips16-opc.c	legacy/non-arm/mips-pic32/usr.bin/aout/mips16-opc.c	fbc2f3265c40265828975d3b7a8a0f8ae85c980e	6c6eccc462800648d695cd9b58076d3d28ffa643cb0ceece3b8733d182b7c1fb	immutable
legacy-non-arm	usr.bin/as/as.c	legacy/non-arm/mips-pic32/usr.bin/as/as.c	8e888e761bcea99e4bfab08decba3f5532da4054	f867320eb594d286d79becdfdfbed1164fb3d484a5180932e1fbeb22393795e5	immutable
legacy-non-arm	usr.bin/as/mips-instruction-set.txt	legacy/non-arm/mips-pic32/usr.bin/as/mips-instruction-set.txt	6cd4c806efd802e531d7aae986d5a0efd345363c	1b61b2b1475ccdc1e261587551df3f5ad56ec59af2fa2a1fdb7e8881af2e2fe1	immutable
legacy-non-arm	usr.bin/as/tests/hello.c	legacy/non-arm/mips-pic32/usr.bin/as/tests/hello.c	d7a3e34e4e5d23ffe363075125faabff735d6dae	2e6c7f4ecd42152b314111a19c1833c96aa4ba5ddcefd61dfebc4dc0790879b4	immutable
legacy-non-arm	usr.bin/as/tests/test1.s	legacy/non-arm/mips-pic32/usr.bin/as/tests/test1.s	bc50805a061c7bb087b44be4a0936c13b78dec5a	ec3a6cca6c6dba7e0b91d3b2f7560ea52d7c8a08c17482091d3d3c41c9fdfb9d	immutable
legacy-non-arm	usr.bin/as/tests/test2.s	legacy/non-arm/mips-pic32/usr.bin/as/tests/test2.s	da43fb1b4d93e3054519fefcf3f6e604b20fb236	6ed848e6fb1f573fe1ec929a150ce9576565dcd652ac86dacb683749a79e9841	immutable
legacy-non-arm	usr.bin/as/tests/test3.s	legacy/non-arm/mips-pic32/usr.bin/as/tests/test3.s	687d9bbe18ace4af5a7f12943a2b3d4a9d9b2390	1e6dcae1c68b22a2b793c0f43c622c034d3a7f090d79fd630c069f7526784c8e	immutable
legacy-non-arm	usr.bin/as/tests/test4.s	legacy/non-arm/mips-pic32/usr.bin/as/tests/test4.s	e9589288c3d22cf93b8fecb0f3140ca2f9d3fa66	2355e9b1166e90d40b871842cfb15a269c9e3dff321ccb3dcfd7865ebca41739	immutable
legacy-non-arm	usr.bin/as/tests/test5.s	legacy/non-arm/mips-pic32/usr.bin/as/tests/test5.s	2ec3c399751e62f103c97f59236aa12cc99d139d	1f46f7a52049721960e6866353339492b3fa72c33fef49b8305c0ecce057bc6f	immutable
legacy-non-arm	usr.bin/cc/.gitignore	legacy/non-arm/mips-pic32/usr.bin/cc/.gitignore	46c1d6125b7b4a120a61881204c2cb38fb442401	a3960f48bb1f93e212cd1ea623b9b58a50d93a1e876f0172b8c07c34824a50f1	immutable
legacy-non-arm	usr.bin/cc/Makefile	legacy/non-arm/mips-pic32/usr.bin/cc/Makefile	54cbf64bacfd95b950c59dc6095d20ec87759ce1	913dbc0f8b6eb0e41ee6307798fab504c5ac2723b4a284cdf88467420a0c34be	immutable
legacy-non-arm	usr.bin/cc/cc.1	legacy/non-arm/mips-pic32/usr.bin/cc/cc.1	23bb4dc00f1a41722fcec7cd2b91c63fd03be768	29f644d1231a6af3bf12ec732ea6c87e8cb3406068e4cad5949713992170b674	immutable
legacy-non-arm	usr.bin/cc/cc.c	legacy/non-arm/mips-pic32/usr.bin/cc/cc.c	ce383210adbbb37fa98c29c049d1c2242455633f	21c6dd6096a8c576133ef416b5b394fbb5312974056a601b37e3fb78634338b5	immutable
legacy-non-arm	usr.bin/ccom/Makefile	legacy/non-arm/mips-pic32/usr.bin/ccom/Makefile	d91bffcb8f8e402392b652f06a261622eee20263	529c8815bdb3a336f953b25cea5fe59846a55defe9fbd245d809046f85520dbe	immutable
legacy-non-arm	usr.bin/ccom/arch-arm/code.c	legacy/non-arm/mips-pic32/usr.bin/ccom/arch-arm/code.c	407548fece6803decbfe13ef5cddee4e258b0527	717f2fed6425e958a432797e398e27e88305e12dbaa014da27156fde2c9e637b	immutable
legacy-non-arm	usr.bin/ccom/arch-arm/local.c	legacy/non-arm/mips-pic32/usr.bin/ccom/arch-arm/local.c	6101959ad27a23800bf78873df1ef3a0c72e32b7	941c7702edb91f57d2ce8abcc93a055cad1d30682d7d3d3b7730367c04fe9411	immutable
legacy-non-arm	usr.bin/ccom/arch-arm/local2.c	legacy/non-arm/mips-pic32/usr.bin/ccom/arch-arm/local2.c	4f5d8ec48d681c02cc545ebbc1b97a40b58e6093	cd000ffbb2340e17b5d937653f0f188f5698474824f9a638f8a10b01ed62db29	immutable
legacy-non-arm	usr.bin/ccom/arch-arm/macdefs.h	legacy/non-arm/mips-pic32/usr.bin/ccom/arch-arm/macdefs.h	6e0c2ed9e9ec07bd158a78e2b350686fde29cf50	dd1fd9ea43d552246a89da76624c1c80bfc9091bdd41d5727d2477dd621b7c51	immutable
legacy-non-arm	usr.bin/ccom/arch-arm/order.c	legacy/non-arm/mips-pic32/usr.bin/ccom/arch-arm/order.c	021bc465376b26ddb3b9960bcf99bbcb7911d9cc	d4ce1d2346ba250fe2accfe3be4cf68a0d6a045aa03e766388b3e4a6f1cf48d2	immutable
legacy-non-arm	usr.bin/ccom/arch-arm/table.c	legacy/non-arm/mips-pic32/usr.bin/ccom/arch-arm/table.c	70e57189c0b9fc99186d199bd3aa0f7d47d03b2a	e8dfa7ac1e219efdcfc59ee0e5b06efbc3a1c9d4780e1b59ffba56c8b798d60f	immutable
legacy-non-arm	usr.bin/ccom/arch-mips/TODO	legacy/non-arm/mips-pic32/usr.bin/ccom/arch-mips/TODO	07072de727473c42f2685d5396766c5b3cc55b95	bbe5368a49e2f148e6b6dbc690d6c6aac5f0d72e1f26756e38ad73722491c55a	immutable
legacy-non-arm	usr.bin/ccom/arch-mips/code.c	legacy/non-arm/mips-pic32/usr.bin/ccom/arch-mips/code.c	79f2140cbe9352570f6eb88269c25fd9003df3db	cfc573a8bf526474f94a22b89899c644dc26a3e4d540334015d90ff39163de0c	immutable
legacy-non-arm	usr.bin/ccom/arch-mips/local.c	legacy/non-arm/mips-pic32/usr.bin/ccom/arch-mips/local.c	86ed60ca2feb02cd2009467c728273a66d086213	dd11928afaabf858d5d9e8fd97cb24cbb24cc8ba47496c2222c5e57c291fa36f	immutable
legacy-non-arm	usr.bin/ccom/arch-mips/local2.c	legacy/non-arm/mips-pic32/usr.bin/ccom/arch-mips/local2.c	4fb2fe109583cefa9a4ac696105dc31f5f8d86a9	f9fe45e4bc9f79b46529dd2f9bbece113e664bf8b08d86aa3cb05a2c3444fc8e	immutable
legacy-non-arm	usr.bin/ccom/arch-mips/macdefs.h	legacy/non-arm/mips-pic32/usr.bin/ccom/arch-mips/macdefs.h	08722f253095bd5ab313afe05e92881e30e41e77	725a0320748eb8dae53257c47d7090440b5ffedc122d572387b0ca3141d04f2c	immutable
legacy-non-arm	usr.bin/ccom/arch-mips/order.c	legacy/non-arm/mips-pic32/usr.bin/ccom/arch-mips/order.c	24f635126a8ce6f6f5c7bad329d2d2fb2b97e896	2f3e7d521489a586bde7ebc9c48ee7127939ff7ad8a8caf220b27c5bf2505ac5	immutable
legacy-non-arm	usr.bin/ccom/arch-mips/table.c	legacy/non-arm/mips-pic32/usr.bin/ccom/arch-mips/table.c	f70de8fdee85177d82af43d1a8361acb91c387df	1950837116073e836b33dacbba33301e8ba861fbe41e06764c2c623317bf1847	immutable
legacy-non-arm	usr.bin/ccom/builtins.c	legacy/non-arm/mips-pic32/usr.bin/ccom/builtins.c	0f5ac90ed26fce39822f1ff2749acd9e3cd1e348	545c8dc30f5e4ac3788f45400af1d40e93715dac569f6095ea3c653105dc739b	immutable
legacy-non-arm	usr.bin/ccom/ccom.1	legacy/non-arm/mips-pic32/usr.bin/ccom/ccom.1	2574907dae88f09fcafc626b96b30e5dfb14bc99	4bb36e4747849eae26b417c6304295b974690a8a72c69f52e32326e0661cf171	immutable
legacy-non-arm	usr.bin/ccom/cgram.y	legacy/non-arm/mips-pic32/usr.bin/ccom/cgram.y	388f215643e9a3dc8f14ed3dba7d290f2f27259f	21182f58bd54fc1c021e27b70a4e6d201e5d4336f282a90b0bf16d69c036517a	immutable
legacy-non-arm	usr.bin/ccom/config.h	legacy/non-arm/mips-pic32/usr.bin/ccom/config.h	762f1f3711f0075d3525bd0f3c6f074adcb894ee	05780d3e0d68e23357899e191dedd515e95ab53b06acbd3af08729d770dcde38	immutable
legacy-non-arm	usr.bin/ccom/external.c	legacy/non-arm/mips-pic32/usr.bin/ccom/external.c	01d36da137f2abd594a1e157b0652f0fe276198d	5388eab146afb2d0dbe36544d26b195cddfddcaa791237449a8c4faf47e31912	immutable
legacy-non-arm	usr.bin/ccom/external.h	legacy/non-arm/mips-pic32/usr.bin/ccom/external.h	708840ff19e667f0ab3f347438c704b8a3752def	2ddf6ced27a6dfbedb827a33200acb0decab130cafbb22c763079cdbdcf2c881	immutable
legacy-non-arm	usr.bin/ccom/gcc_compat.c	legacy/non-arm/mips-pic32/usr.bin/ccom/gcc_compat.c	5177f0cf31343fe064e3a8113b7a336793b39f3c	99cd891496a54f4c9582647665d90a12c73800e1a584946b727ad56cfba0cd4b	immutable
legacy-non-arm	usr.bin/ccom/init.c	legacy/non-arm/mips-pic32/usr.bin/ccom/init.c	15c47ab9959c7df8658da1bee9a59301d65897c9	9486556101b881901538e677e12ac0b415c3c0e217e3ebfbcc460403d4554824	immutable
legacy-non-arm	usr.bin/ccom/inline.c	legacy/non-arm/mips-pic32/usr.bin/ccom/inline.c	a4d9ea0198c01e4a74b8387ffd914e8f140187ca	67adccaa4cccec1ccc81bfe9da90562e99519083c58bb06aae9759ba4fc6cd20	immutable
legacy-non-arm	usr.bin/ccom/main.c	legacy/non-arm/mips-pic32/usr.bin/ccom/main.c	954bac84cb7a4a613e3bd5aa0e93c9e36a2ec50e	66b04f9446bbf6d3cc709eada894cd5a0efa6100ef179eb08548f10bd981b36b	immutable
legacy-non-arm	usr.bin/ccom/mip/common.c	legacy/non-arm/mips-pic32/usr.bin/ccom/mip/common.c	ee60949591afeadfa1e65e3fbc4d0385bfcf7ac4	38d2f1db0b3bac075a0d04427b3c481446ac7dc627cb881e74d27f5bcd69376f	immutable
legacy-non-arm	usr.bin/ccom/mip/compat.c	legacy/non-arm/mips-pic32/usr.bin/ccom/mip/compat.c	7e7886d513ec51583c88b1108ccb6c44300509da	e39657d7a761645e02753645ea2d8f71b21d566cc4644a68768de6a2cda1cd93	immutable
legacy-non-arm	usr.bin/ccom/mip/compat.h	legacy/non-arm/mips-pic32/usr.bin/ccom/mip/compat.h	31b63e750a5dec8031ca4f3e825767ac1ff2c2b1	bb8befc5b19283dad313842218419118fd685e768a032b61dea8e1688a856f73	immutable
legacy-non-arm	usr.bin/ccom/mip/manifest.h	legacy/non-arm/mips-pic32/usr.bin/ccom/mip/manifest.h	a6bf5ca8d684bd567c01686a4b189bda2d213fb7	9f3e9d68c1d0207c22f53910f9dfa81bc6d46dc619996684c123485881ce359f	immutable
legacy-non-arm	usr.bin/ccom/mip/match.c	legacy/non-arm/mips-pic32/usr.bin/ccom/mip/match.c	1a4db9c97e6821e579e250d8c344643a60d64242	b03d35afe1cbcac38b4ab0b749679199c5a88b7b8074939ea7fafc141f23f5a1	immutable
legacy-non-arm	usr.bin/ccom/mip/mkext.c	legacy/non-arm/mips-pic32/usr.bin/ccom/mip/mkext.c	0428cb01bfa5d7cde1c51b9b5322472d6ff94551	5b3920af4a251ad838572237845ce1063f70ca45db86cd32129574a8978213a7	immutable
legacy-non-arm	usr.bin/ccom/mip/node.h	legacy/non-arm/mips-pic32/usr.bin/ccom/mip/node.h	2503160ed1035fffeeb5f62d9243b7775467b982	0161b27c82e489d05410bb5f1b105599bef9c0eaf4681d78d852f383e0e76812	immutable
legacy-non-arm	usr.bin/ccom/mip/optim2.c	legacy/non-arm/mips-pic32/usr.bin/ccom/mip/optim2.c	cd8f903f6cf0f515a318c7befe332a7dcee42550	26cc4c92160336e490d81618eed9a386a7a135ab4b6999f2ce4bc4a6c21da150	immutable
legacy-non-arm	usr.bin/ccom/mip/pass2.h	legacy/non-arm/mips-pic32/usr.bin/ccom/mip/pass2.h	967ed7e6b99dceec106f008c34c9cbf713f73895	cbd0e9a3e92471d175d9aafd27d5540826f937e7af7455f211857c50aecdbd21	immutable
legacy-non-arm	usr.bin/ccom/mip/reader.c	legacy/non-arm/mips-pic32/usr.bin/ccom/mip/reader.c	189de1f12518f645440b48aaff116f353e1607de	a983c0ceb0899d7cc57ef1ba207e36a6e0bf8cc76f65a73283499b46f382531c	immutable
legacy-non-arm	usr.bin/ccom/mip/regs.c	legacy/non-arm/mips-pic32/usr.bin/ccom/mip/regs.c	cb99a87aa853a69583ee457f56fce54385498b25	64ec9e99ebd3b9be4e1cc1c37b8ec9dbd95800a6516d7535286fa54f7b094fea	immutable
legacy-non-arm	usr.bin/ccom/optim.c	legacy/non-arm/mips-pic32/usr.bin/ccom/optim.c	b6e86322642d954cf041e80603f73d3929196e4f	3e3f413d2104d3433d947193eb02e80987e22b1313449b2217544afc804a6024	immutable
legacy-non-arm	usr.bin/ccom/pass1.h	legacy/non-arm/mips-pic32/usr.bin/ccom/pass1.h	f5639629a19f956a44343de181b96432061d187c	ec36adb121f8523a898ffdf5397f7e16fa2babd298a3bc783f18393b63b12a5d	immutable
legacy-non-arm	usr.bin/ccom/pftn.c	legacy/non-arm/mips-pic32/usr.bin/ccom/pftn.c	10311ce63aaff2efc24c932df90167d2213d8a4d	f7e9e0c0848bd6406cb70ebe35a9b27ecfe069b8c7cb51365317b3b0dde2ad1c	immutable
legacy-non-arm	usr.bin/ccom/scan.l	legacy/non-arm/mips-pic32/usr.bin/ccom/scan.l	f9de709fcea97c24e6993edfa7669d0c38ebb638	f554cb765f4041ada4ed38f4c8e6c55058d108cf97c4db8ed7e794bd1bf93bf5	immutable
legacy-non-arm	usr.bin/ccom/softfloat.c	legacy/non-arm/mips-pic32/usr.bin/ccom/softfloat.c	12f1758586aecd92815625d2289e0131018e3e55	bf3feeb0cfe9f951142d55e8a158327ff14ae0ee9dc7b3741b65efc6a6db1ef6	immutable
legacy-non-arm	usr.bin/ccom/stabs.c	legacy/non-arm/mips-pic32/usr.bin/ccom/stabs.c	39edb8717df136e0de01bf1704d80d54e3ecdecf	e1a54f9ad48d4ee8512874cf3edabe70fb0d8944e6f4e0ab1e9c4d26027fa8a1	immutable
legacy-non-arm	usr.bin/ccom/symtabs.c	legacy/non-arm/mips-pic32/usr.bin/ccom/symtabs.c	e1ba47c17efd9cce433f931b3a6c3df10e1a8907	453cfbca734e75ba06dc2f3d35fbb016f27fb36b49e2b8101e22cfe486a7bcdb	immutable
legacy-non-arm	usr.bin/ccom/trees.c	legacy/non-arm/mips-pic32/usr.bin/ccom/trees.c	fae7b138f7c249da3a78626fae308ee6c9e49ed0	bbcc605cf9773ceb2de902165029faeb42910a290d669cc417b042ec208e99b3	immutable
legacy-non-arm	usr.bin/compress/USERMEM	legacy/non-arm/pdp11-vax/usr.bin/compress/USERMEM	8b0197358aaf9c4199bca3b58c9c6213c858b2a5	b9e6759289cb73e2adaf32e17ac5901548ac7163de84662cb8835910c7db368a	immutable
legacy-non-arm	usr.bin/compress/usermem.sh	legacy/non-arm/pdp11-vax/usr.bin/compress/usermem.sh	7d1f5339af3dd64b7bc89c0d41687b6212b9f0d9	bd7aa12498fc10f1855f4a6cd596258a97225b07fccda7f0124f448dd3673b26	immutable
legacy-non-arm	usr.bin/cpp/.gitignore	legacy/non-arm/mips-pic32/usr.bin/cpp/.gitignore	5567de0c472bdfd653017b310ea1275b3de9adf9	2a3b0276a0fe5789fb760a2aa9d198dcf872d0f18c649a0402a7ddddeab5e7cd	immutable
legacy-non-arm	usr.bin/cpp/Makefile	legacy/non-arm/mips-pic32/usr.bin/cpp/Makefile	3f7c71dd75628bda5e8f48e30ecdaf2d255d13ef	e68693c7f7ac2ca4c15f1886f4499852c4f79a6a47c8f1a5e5142581a0835c82	immutable
legacy-non-arm	usr.bin/cpp/compat.c	legacy/non-arm/mips-pic32/usr.bin/cpp/compat.c	e01786dcc4206a612d9ea8a32c4c46df5cea2df7	fdf94d7a882ec465f012680dc50859a1c22f5a7003420c67393fb501c59a54e0	immutable
legacy-non-arm	usr.bin/cpp/compat.h	legacy/non-arm/mips-pic32/usr.bin/cpp/compat.h	6d9e654c1e7bdfe1c99f39552382ec9efd77807e	d44f3b9372d0f2920e284a65745882b151289ad38e7a6722d764ceaeb0ffc465	immutable
legacy-non-arm	usr.bin/cpp/config.h	legacy/non-arm/mips-pic32/usr.bin/cpp/config.h	b5d0468fafd91802efac65382740d88bf9f753a7	787aa4a03706275e4068e33b845abe0ec92257142b77ad1778b3dfca7f73ea3b	immutable
legacy-non-arm	usr.bin/cpp/cpp.1	legacy/non-arm/mips-pic32/usr.bin/cpp/cpp.1	fdf23a54e5108da12f48bf444b5ec9c8525cc72f	73539bf3dadcf4ca204057e404edb3e24d37f484e7c29e9ffc5f3b214d5b0f1a	immutable
legacy-non-arm	usr.bin/cpp/cpp.c	legacy/non-arm/mips-pic32/usr.bin/cpp/cpp.c	7a14424ab34e38698634a00c020b7fb091cf84be	5a51f9a96ef18d2b08456324667ad39b4a2a2f64a4eae5fe307c21b8a6061835	immutable
legacy-non-arm	usr.bin/cpp/cpp.h	legacy/non-arm/mips-pic32/usr.bin/cpp/cpp.h	66c1ccd8b6c82b0ebdadfb4ad2e1e4fb694d1e79	4e0cc656b4fe77aded144a4680531c7e7733736cee5ae21739f71e3db7c7ae2d	immutable
legacy-non-arm	usr.bin/cpp/cpy.y	legacy/non-arm/mips-pic32/usr.bin/cpp/cpy.y	6d48b25fd33071b8e2b40cd199854ef4716c6dfc	828e6cde4b55581ea65157ca98eb53919c1b304bf62ca4400af45f00aed69386	immutable
legacy-non-arm	usr.bin/cpp/doprnt.c	legacy/non-arm/mips-pic32/usr.bin/cpp/doprnt.c	c5ed28d4963fa7350a3979e722e657345f52b329	4ac38d575f76f12f13a62b57412219edd7818d8c71cacab6dedfe7ae08967fc7	immutable
legacy-non-arm	usr.bin/cpp/scanner.l	legacy/non-arm/mips-pic32/usr.bin/cpp/scanner.l	f1e4bf976bd058db050b621f2b74804c9712a608	adeabba224eb462840df227c3dc5a4f7657c581ec4ceee67afec52e7ab01492d	immutable
legacy-non-arm	usr.bin/cpp/tests/.gitignore	legacy/non-arm/mips-pic32/usr.bin/cpp/tests/.gitignore	38e7568505f95febb85f6907c4d19a64270ffd45	163925977be209c234f8bb40206dc4ca169d877abd397d93c8684c6913d36690	immutable
legacy-non-arm	usr.bin/cpp/tests/res1	legacy/non-arm/mips-pic32/usr.bin/cpp/tests/res1	bff9a25060e9b1e4b48ea7c40b7fa53a05727767	923a5ed7640322d051151bec1532e1197523cc853d03d85c383df2b3776a0541	immutable
legacy-non-arm	usr.bin/cpp/tests/res10	legacy/non-arm/mips-pic32/usr.bin/cpp/tests/res10	5f294c9bfe70bcb7145ee7255b11421c19a54525	a48c5c6b887a152be53be6079830a191e4cd0259062bd4503246c9207596ea61	immutable
legacy-non-arm	usr.bin/cpp/tests/res11	legacy/non-arm/mips-pic32/usr.bin/cpp/tests/res11	4c49d18538174ac374eb1e311b2d37942ddf4b05	2fdfeae166fc15cb6429b668743972fe253accf54a098cc6daa81fcb36812878	immutable
legacy-non-arm	usr.bin/cpp/tests/res12	legacy/non-arm/mips-pic32/usr.bin/cpp/tests/res12	1420d3997ccf9760346de221a43aeaec1d949fac	d0655948982fe4325d25146ace19b0b7b12145fa297b7bb9299a3807faadfb2e	immutable
legacy-non-arm	usr.bin/cpp/tests/res13	legacy/non-arm/mips-pic32/usr.bin/cpp/tests/res13	5ec9b41109d2e738dcbf8dfc7989a0b4e7e8a797	d00ff4f87af6a0b6a0f90019c8dd6605ab64e5692a21c2a93dd1973588b704b4	immutable
legacy-non-arm	usr.bin/cpp/tests/res2	legacy/non-arm/mips-pic32/usr.bin/cpp/tests/res2	e9fb624edba56b448f28ecf6c3a2ca70579447a7	503297e83c22d5c02caa21ee6fde22d76f228f887f55bf04715e6acea648e47a	immutable
legacy-non-arm	usr.bin/cpp/tests/res3	legacy/non-arm/mips-pic32/usr.bin/cpp/tests/res3	9f19a1f9e5918f2c097f52695a632d703f8baaa4	79119cae6ad307e5553f4250460c3403d99245290d16cc5ed05056b9150d3542	immutable
legacy-non-arm	usr.bin/cpp/tests/res4	legacy/non-arm/mips-pic32/usr.bin/cpp/tests/res4	8e7649ab58a63f8f826de444ad0afa76e71d7a6a	64387f689efc16193b374cbbba8767fa35051111ecbfeb82c09933577b3a4259	immutable
legacy-non-arm	usr.bin/cpp/tests/res5	legacy/non-arm/mips-pic32/usr.bin/cpp/tests/res5	7d57f95a8e3c2d5ff2ce09f8ec24f3add16a4df4	d52c431419caf4cefe46c73835d6f5b081ad1bb41cd71d52691ed53e93e56505	immutable
legacy-non-arm	usr.bin/cpp/tests/res6	legacy/non-arm/mips-pic32/usr.bin/cpp/tests/res6	a739c9bae4a095f04f9c32878271fc055a9be9f9	1b6656f97cb03961e848d962115992c89fc3cd4c5cec8b64508ac9e6af039b65	immutable
legacy-non-arm	usr.bin/cpp/tests/res7	legacy/non-arm/mips-pic32/usr.bin/cpp/tests/res7	6d7c47c111e42c47cc13f4956d90b61c87c3e449	3b9e310665401a6d264210432739ca5368cb9a76112d74f730c25fd9ea3d3eb2	immutable
legacy-non-arm	usr.bin/cpp/tests/res8	legacy/non-arm/mips-pic32/usr.bin/cpp/tests/res8	118ead4dfb537585552bde15f1563bf596cc35f2	f9d751b11c1d9a72cde74068af000c37aaed6f092fbe4a219ec1e7443a6a507b	immutable
legacy-non-arm	usr.bin/cpp/tests/res9	legacy/non-arm/mips-pic32/usr.bin/cpp/tests/res9	631ecf16f336cccef50c21a0517abc92a770a919	0696ba066a1bcd552d7e514e817aa3fbf6ad44e4f7a827d5d4f595724f07df3d	immutable
legacy-non-arm	usr.bin/cpp/tests/test1	legacy/non-arm/mips-pic32/usr.bin/cpp/tests/test1	79a3c5dc5d4d449df1405400d215da9ec4530f9c	8256852886c3232cc3f42767c35beea93b902a716b1e19969e8d121575ddb09b	immutable
legacy-non-arm	usr.bin/cpp/tests/test10	legacy/non-arm/mips-pic32/usr.bin/cpp/tests/test10	dfba8b379e3ea4a3677cfd9c6000dca6b3fdb5d6	ff99e01486fa0c3ddc17f3ddd39a4e4c4d01d993a2d7c28a3a1b73bcbad373d3	immutable
legacy-non-arm	usr.bin/cpp/tests/test11	legacy/non-arm/mips-pic32/usr.bin/cpp/tests/test11	5bf4249f08b3a8464798a67121486cd080150c51	e992b2db47c87be1e8169deb20e8b04c39831a82b4170bb49c32bb6158596c95	immutable
legacy-non-arm	usr.bin/cpp/tests/test12	legacy/non-arm/mips-pic32/usr.bin/cpp/tests/test12	a0a36f125a9ac64a94d35168485d277a19cb42cc	e8226e0165e2c680c2a82b20f2dc9912f72a84e88420db94fcde751c01855676	immutable
legacy-non-arm	usr.bin/cpp/tests/test13	legacy/non-arm/mips-pic32/usr.bin/cpp/tests/test13	51e2385dc308fec66aa4902d21ada60896c75269	93730c813379332c3a320e2650d7fa46ac63083a77c89cc06b66f8bb68591b1c	immutable
legacy-non-arm	usr.bin/cpp/tests/test2	legacy/non-arm/mips-pic32/usr.bin/cpp/tests/test2	283d4fbc1f051e62044abb880b43a9a86ea4f5b1	da30e2d897a6545f0340f1439dc778ae5fda842e3c6cd0730abc8c383d899ca0	immutable
legacy-non-arm	usr.bin/cpp/tests/test3	legacy/non-arm/mips-pic32/usr.bin/cpp/tests/test3	a659245ecbcb4b9281a5311572cc8eeec14873c8	44df8d4fda9f3fe46473763364c672f0ae9b21c0afd5064a0edb67a0cd117c6a	immutable
legacy-non-arm	usr.bin/cpp/tests/test4	legacy/non-arm/mips-pic32/usr.bin/cpp/tests/test4	0068f3751b814e90dc699e71d5e1414cb47280bd	7acb339ee707dbcfa851bd9ba8886dd356e746c084985ceaded075153b410971	immutable
legacy-non-arm	usr.bin/cpp/tests/test5	legacy/non-arm/mips-pic32/usr.bin/cpp/tests/test5	3ca0bb6c9c0934c66fda9419ab70529118e072b4	2833d08bbb86d815a33c08ad0259b91f46f793745659a07eb610165d51c327a5	immutable
legacy-non-arm	usr.bin/cpp/tests/test6	legacy/non-arm/mips-pic32/usr.bin/cpp/tests/test6	28cfddece6815beb3087f65726d6acc48966bb29	8833476c5b4468dcc2565c9c99ca0cba67df7433dad43f40114db482663bd05d	immutable
legacy-non-arm	usr.bin/cpp/tests/test7	legacy/non-arm/mips-pic32/usr.bin/cpp/tests/test7	b22b22bbcc9bbfbd7dc8d826f13b3904fa9a76c2	ede646eff5542ee8fefebae00fa2ab908a2ac3560bec3488501a0195247ee184	immutable
legacy-non-arm	usr.bin/cpp/tests/test8	legacy/non-arm/mips-pic32/usr.bin/cpp/tests/test8	c5d2f9a14498efe72cde30b8edfd3bf437be867d	e051ae41bace5a128c2c5e6237c5b726446d63af8155211d9edfc45f89b4dc5b	immutable
legacy-non-arm	usr.bin/cpp/tests/test9	legacy/non-arm/mips-pic32/usr.bin/cpp/tests/test9	4d4368d5663dbeae917a5678dac46a668d22e829	bb6d01ca06919b3dd5bd8a12022d627b119d3a16cddca90ebcd95e9b5a97bd28	immutable
legacy-non-arm	usr.bin/cpp/token.c	legacy/non-arm/mips-pic32/usr.bin/cpp/token.c	e6e6d968febe2f542eed13ab9cc8de11e9d65f23	98c352bc8839fb12b06ce73bb9295be2d633f759ebf81d667aa088a105f89204	immutable
legacy-non-arm	usr.bin/glcdtest/.gitignore	legacy/non-arm/mips-pic32/usr.bin/glcdtest/.gitignore	561ab999dd5bd8f75c44c210a116441858bce613	34f3edc3dc10629bef406fa94f6ba2c5253b7c2419e5b12369ac478364bcb411	immutable
legacy-non-arm	usr.bin/glcdtest/Makefile	legacy/non-arm/mips-pic32/usr.bin/glcdtest/Makefile	0954af9f79766d51cc2c862bba74eb5ab8c96ac6	a4233ef2f5cab2bb5b1785041c6377f61b9ca82a315789a9cf34200865280ecd	immutable
legacy-non-arm	usr.bin/glcdtest/glcdtest.c	legacy/non-arm/mips-pic32/usr.bin/glcdtest/glcdtest.c	151772ac8217211568f1b2c82f58aff13951c1c3	0ecd5338da9da64da432ab68e7a116c587280cb142b6294b4752f7d15ac75394	immutable
legacy-non-arm	usr.bin/lcc/.gitignore	legacy/non-arm/mips-pic32/usr.bin/lcc/.gitignore	c2ee86b337c6c56d9e7ffaf632a3a00473dd3907	1aaf8822786f2b86f8b94d488dd1eb7d0272fae4696f5bf9434d6aca7161299a	immutable
legacy-non-arm	usr.bin/lcc/Makefile	legacy/non-arm/mips-pic32/usr.bin/lcc/Makefile	260b08553a130fcdd8ba8d08bbf39069dd5f47d6	6b5208e59e77bb4511ff4e9f99b512ffbcd5968b544c2042661a42f6366b16cb	immutable
legacy-non-arm	usr.bin/lcc/bprint.1	legacy/non-arm/mips-pic32/usr.bin/lcc/bprint.1	52e9b0acace3f3e8e5cc8b6327779f49ec2613db	22740138db0cf900ca5d6bb965646d994befb24ce96c4a8b13dc11921b2e463e	immutable
legacy-non-arm	usr.bin/lcc/bprint.c	legacy/non-arm/mips-pic32/usr.bin/lcc/bprint.c	cb394f661e4e66b7201e5c365f1c93420ce15f1d	0c7b3143f00c7bed7ea9298e9b4389ae142dc65ccdc7c18ee6556b750854a789	immutable
legacy-non-arm	usr.bin/lcc/gcc-solaris.c	legacy/non-arm/mips-pic32/usr.bin/lcc/gcc-solaris.c	b88ab66d891041a694c0904e104b7b9566eded34	c2058713a32511d25166533b9ced581a1ef9ab35237e03111adb24a460685758	immutable
legacy-non-arm	usr.bin/lcc/irix.c	legacy/non-arm/mips-pic32/usr.bin/lcc/irix.c	00b08f5ad40220abe02d452ff17e290c456971e9	dee452c24c65727a409c09eb9697b5515472a3d5ee155848f8b67f1088dba2e7	immutable
legacy-non-arm	usr.bin/lcc/lcc.1	legacy/non-arm/mips-pic32/usr.bin/lcc/lcc.1	9ace578c8dce5c9763a3c441ec45b1b94473a07d	f54eb25197bcebfe50cbb1612fd4811cc246df710d0bd959ed5bcc1d93e5c7fe	immutable
legacy-non-arm	usr.bin/lcc/lcc.c	legacy/non-arm/mips-pic32/usr.bin/lcc/lcc.c	ff13013d45dd60ed6270fa5817a98d22ce373f32	d32b5f56bca1fbb095f18669e61e561606d023211892a72ccb8537f016993576	immutable
legacy-non-arm	usr.bin/lcc/linux.c	legacy/non-arm/mips-pic32/usr.bin/lcc/linux.c	b1a78f3172f22f2e4721090b67d5cc70a0015366	a0e7de4430597c375d250fedca6b9f3418427a0de93efef4f88aff3889aee659	immutable
legacy-non-arm	usr.bin/lcc/ops.c	legacy/non-arm/mips-pic32/usr.bin/lcc/ops.c	14624903ef2592ce7eb4040d20732779f10f902c	ccdbf617e26be8d8e6eb56d3c500b8b0ea8630dc30791f5f50e2f0a99c8106b7	immutable
legacy-non-arm	usr.bin/lcc/osf.c	legacy/non-arm/mips-pic32/usr.bin/lcc/osf.c	911b6c142d7af5856dd04b2d8797b56080043ce8	1af06966479244a7dc2b78138ae3af64f31959cf12a27039fd2fe7f9a8225c42	immutable
legacy-non-arm	usr.bin/lcc/retrobsd.c	legacy/non-arm/mips-pic32/usr.bin/lcc/retrobsd.c	73e7b5d85728726ad7e2b81b2923589432a1b31d	f6a924cfb73d797dc0eba793a04c2c52de2a0768e03e10ee315be3ada8c78b2d	immutable
legacy-non-arm	usr.bin/lcc/solaris.c	legacy/non-arm/mips-pic32/usr.bin/lcc/solaris.c	8921f42dd3fdc039bf043566b0a50132748af128	fb783f7748959d22798c08b8329c3c5936ed4298ce39e177322aa0f4d48eb1c7	immutable
legacy-non-arm	usr.bin/lcc/win32.c	legacy/non-arm/mips-pic32/usr.bin/lcc/win32.c	2be69d98a491299e45c882e6d6ad7971df00d308	4a2b33d0473d3b0bde0705d8f3e7f4ece48181f607548208d691b30a74209c13	immutable
legacy-non-arm	usr.bin/lccom/CPYRIGHT	legacy/non-arm/mips-pic32/usr.bin/lccom/CPYRIGHT	342e697a8781d3d18c1c92601fd0dc7142d41c1e	ac39b5b19d0006d0f1b16f40ba607f467b6f6eab492d5fc01e93b8505d67b524	immutable
legacy-non-arm	usr.bin/lccom/LOG	legacy/non-arm/mips-pic32/usr.bin/lccom/LOG	be23e1c390d9ef53b828d89dc75d3267890c48c5	82718e93eb2a8aa236f61351e37d491207e987ec8fe9e1b3f768f6a21e437903	immutable
legacy-non-arm	usr.bin/lccom/Makefile	legacy/non-arm/mips-pic32/usr.bin/lccom/Makefile	4bc7df4bd500193364417ec10a5f4ae5fedebb0b	c65462135159547896737f7fe532e1e878134b3ebf8b26cb8f206515b8a55b32	immutable
legacy-non-arm	usr.bin/lccom/README	legacy/non-arm/mips-pic32/usr.bin/lccom/README	1deccafa07c80bc533734aece027e0fd1ab49f68	90e95df28fca3f0d2f9d8f8aafd78f2dafded1ed642864b3d9adc5dc654457ba	immutable
legacy-non-arm	usr.bin/lccom/alloc.c	legacy/non-arm/mips-pic32/usr.bin/lccom/alloc.c	843940f0697c67888daed78693126bc2501bf587	74ff57c3bbecf0a4151a8bc7c4937e98ceca0d07f0d95cd42cd2ec4514512d71	immutable
legacy-non-arm	usr.bin/lccom/alpha.md	legacy/non-arm/mips-pic32/usr.bin/lccom/alpha.md	09bfb0874608e972fbc0af4cf754a45f08fde408	a19979feaa0cae7ef984e69632cfcc87833ae5153ef51e9e37632bf7aea28a8d	immutable
legacy-non-arm	usr.bin/lccom/bind.c	legacy/non-arm/mips-pic32/usr.bin/lccom/bind.c	0891f7cf017a3928fc6aa4ecb9fe55fb49c9f834	b4d88c96f83e997d4e20b0a96f034ba9b0349832b11d57be52524b247dfe750a	immutable
legacy-non-arm	usr.bin/lccom/bytecode.c	legacy/non-arm/mips-pic32/usr.bin/lccom/bytecode.c	fe81e3a74ba632b7b886240a1908a5902919a9a3	0896ccd6cfa20f3384d5cc9c24ea0b8ad45e678a3385538666586e6d829402b9	immutable
legacy-non-arm	usr.bin/lccom/c.h	legacy/non-arm/mips-pic32/usr.bin/lccom/c.h	0a778600b6538c3992aa04f6293d0a67fb760fc6	362b6dbb7c05f95f0c83e7f0fd6dcf5374edb616ea58f5cad6a6925f55ab7b49	immutable
legacy-non-arm	usr.bin/lccom/config.h	legacy/non-arm/mips-pic32/usr.bin/lccom/config.h	1bccce36c356cefb6a323b873729f1adb4d115b9	e93e1ecb774913efa5fbf85cd788650e97fed0ad81bc776d1a51941129129185	immutable
legacy-non-arm	usr.bin/lccom/dag.c	legacy/non-arm/mips-pic32/usr.bin/lccom/dag.c	6a8addbc89ce42d30d4b293c8b638d89e860702d	0c8833bd5491df51d95b4dc071d1b7236ca5ce55ab9b908d58de36910fb58f07	immutable
legacy-non-arm	usr.bin/lccom/dagcheck.md	legacy/non-arm/mips-pic32/usr.bin/lccom/dagcheck.md	5be052300bfd1597352420b3316c59a05b1114b3	72e00091e2afbfc1bff4d850685849cb852baa2a3362e78f1eb6258a3af479b8	immutable
legacy-non-arm	usr.bin/lccom/decl.c	legacy/non-arm/mips-pic32/usr.bin/lccom/decl.c	dc55021bcaded686e21614354ae7e950a6e19026	0846b6262c6b55efdde46d9b0887e67e26a12fc4c0d0f526214f88e012cd30b9	immutable
legacy-non-arm	usr.bin/lccom/doc/install.html	legacy/non-arm/mips-pic32/usr.bin/lccom/doc/install.html	274db80a0957043226275bc4ea1db48e2dc93889	95e46d235ff10429faf5197d6fb9982c5b93de8f8f1f364bcfbe4fbef38cfa2e	immutable
legacy-non-arm	usr.bin/lccom/enode.c	legacy/non-arm/mips-pic32/usr.bin/lccom/enode.c	c9739f564269475fa7ac5ecc734556a2c45c776c	965392a8f910d74b2bafa0617421dd972d06fd0a7696ec98ca18f561f682c4e3	immutable
legacy-non-arm	usr.bin/lccom/error.c	legacy/non-arm/mips-pic32/usr.bin/lccom/error.c	6b69791a8933e81b0422c6f3ecad97eb97aa67ba	72f5b25dfb764e2a0959ce9341fa4fa093f2dd5251dbd8b55436e3b6dbeb1e09	immutable
legacy-non-arm	usr.bin/lccom/event.c	legacy/non-arm/mips-pic32/usr.bin/lccom/event.c	6e5cf29cadcf4d29237fb4236f4bd5cb9ae046f3	e225ded77a860b7bc5eacc03c3bd6191dffe260eebc82e1b6eeb140015c165e1	immutable
legacy-non-arm	usr.bin/lccom/expr.c	legacy/non-arm/mips-pic32/usr.bin/lccom/expr.c	0e6b3003c97acd07dd110c2a52aeceb3540561be	dbfcd93755061e05a7b7d8a975557fdcbb47a89849d0a06e6d13f8b8f7e1db4b	immutable
legacy-non-arm	usr.bin/lccom/gen.c	legacy/non-arm/mips-pic32/usr.bin/lccom/gen.c	d830c4c56e60fba8592e4b6c2d1f348739b53e8f	aabdf91a88df7448305a1cd6242db510b6838cb4d71ab8c17b678ae932bf63ac	immutable
legacy-non-arm	usr.bin/lccom/init.c	legacy/non-arm/mips-pic32/usr.bin/lccom/init.c	fbb7220a18bd669b3e254cb10d77e8e63dc358bb	6e563b8d53d75c078128129084a68905f5af49b59ea5a304e2181f026df9b2db	immutable
legacy-non-arm	usr.bin/lccom/inits.c	legacy/non-arm/mips-pic32/usr.bin/lccom/inits.c	995f81a5fa5230deaba84d7f82b50bcabbd7bfbd	1a9fbfc3a9b995e099dfd47c7e0b4a5b3d4aab2c0ce367744be65620a1bc0a90	immutable
legacy-non-arm	usr.bin/lccom/input.c	legacy/non-arm/mips-pic32/usr.bin/lccom/input.c	a70ae0c7dc4724e31be787a7d615a9ba82c2e6d1	f7b7d2255ffdc26aea97f4c2e12d3d15684a0d71ce2efe7778e0441412469f32	immutable
legacy-non-arm	usr.bin/lccom/lburg/gram.y	legacy/non-arm/mips-pic32/usr.bin/lccom/lburg/gram.y	b756daa6e7b106d7a3ffbd2cdfaf2153894fa3fc	e65f361b4aa2284f283ab7e3aa895fcdd8be8a418cc1f196bffedf097e90bd7b	immutable
legacy-non-arm	usr.bin/lccom/lburg/lburg.1	legacy/non-arm/mips-pic32/usr.bin/lccom/lburg/lburg.1	9c05deb29c2ce3584b429180b6d3c2421454f5c6	e39887664473ad310e9f201585dcdd2f43421fc1c414d51fa16e0eccb46f449d	immutable
legacy-non-arm	usr.bin/lccom/lburg/lburg.c	legacy/non-arm/mips-pic32/usr.bin/lccom/lburg/lburg.c	b73151ee56194b35b34c14d33cc9e41e9acbc543	688286838c9b412333ee42b0af4ff4a689b5a682d3dac1b4c7bb12ce11d74c50	immutable
legacy-non-arm	usr.bin/lccom/lburg/lburg.h	legacy/non-arm/mips-pic32/usr.bin/lccom/lburg/lburg.h	75dbe79982bcfbc0beb24545aa2404bf780d345a	e588dd7c5ce569ac00df5e71236775d125bdb2f56bf6dcdb14c4ac537452f004	immutable
legacy-non-arm	usr.bin/lccom/lex.c	legacy/non-arm/mips-pic32/usr.bin/lccom/lex.c	d9401a5f2dcf144a520d16cbf4ca8a24f6611761	eb77b240d6fbd3e1daa69a208b07e28967b8cf38528a2948f5c708f6915c8272	immutable
legacy-non-arm	usr.bin/lccom/lib/assert.c	legacy/non-arm/mips-pic32/usr.bin/lccom/lib/assert.c	f532b73b6adace7b37a641974e047f2d378c44dd	4dae2c4c991646ae6fb9d621a16857343931d96b04039234669b3035d33f79e3	immutable
legacy-non-arm	usr.bin/lccom/lib/bbexit.c	legacy/non-arm/mips-pic32/usr.bin/lccom/lib/bbexit.c	f203fb78d7c3e6bdd39be55cedfedf797276982c	91ceb70f6b8b9ef29a85553c9f60c53685f0b57b475b7a285fcff2a5684f931d	immutable
legacy-non-arm	usr.bin/lccom/lib/yynull.c	legacy/non-arm/mips-pic32/usr.bin/lccom/lib/yynull.c	0cd510a1eeec35cda8f35661c409e18f833e40ca	7888939870638b6f56293d4d27ecb86e3f9a77fb8070754d5c78a75d765249e8	immutable
legacy-non-arm	usr.bin/lccom/list.c	legacy/non-arm/mips-pic32/usr.bin/lccom/list.c	e4b8f6139ab5c81ab0c3064fc6674b70d6156e31	0b9ac948acdb93820a2f2bcd26cf21f3b4390565d8e9227972247e124d9bb830	immutable
legacy-non-arm	usr.bin/lccom/main.c	legacy/non-arm/mips-pic32/usr.bin/lccom/main.c	c60c0332c0d9892f28dd4d71b417fd6cd75c4755	60dc4c872eb78e7ffb7ad297fa293115317035ae00b122f34e835a133c59429c	immutable
legacy-non-arm	usr.bin/lccom/mips.md	legacy/non-arm/mips-pic32/usr.bin/lccom/mips.md	9bbe6a8012923f25e6aae4c10f2cb33710eb2d0e	293c978875aa1824167744b4c5e1f40b377c5afa5aa0e49cc86a4faf10d2fba3	immutable
legacy-non-arm	usr.bin/lccom/null.c	legacy/non-arm/mips-pic32/usr.bin/lccom/null.c	89034e57fcc14193cffbee4c1a4be221a4ed9e31	01c1c235151d201466078466d6d6f6ab8a1c6922f39f4578eba115f693a0e2a8	immutable
legacy-non-arm	usr.bin/lccom/ops.h	legacy/non-arm/mips-pic32/usr.bin/lccom/ops.h	09cc79abc0ba42ca7ff7386dc3b3e3bd2b3eca12	52ed7fe7c619e2bfa16205edc635673e995ab312b8f4065f3f19656f6067624a	immutable
legacy-non-arm	usr.bin/lccom/output.c	legacy/non-arm/mips-pic32/usr.bin/lccom/output.c	3fa56dddc91e36c90e7e0faf0f82e1af86eae44b	5328f7abd3333e6988dd3bd851225e8b6123afdeabba4a1df09fa7d844b40c7e	immutable
legacy-non-arm	usr.bin/lccom/prof.c	legacy/non-arm/mips-pic32/usr.bin/lccom/prof.c	b3a922df65d2753451b35e28fbdbe6395b5e7484	9698c6ed92212fcbcd3ce6faf1e7a5a8efb590b3080697341ffbb6b443dd1d38	immutable
legacy-non-arm	usr.bin/lccom/profio.c	legacy/non-arm/mips-pic32/usr.bin/lccom/profio.c	22be5e3976812619cad2077d4d3bab077b40c6be	027246cd9b8320a096cc627e9d4b64510b6c9e4b7a1aaef8a8de49203402ae16	immutable
legacy-non-arm	usr.bin/lccom/simp.c	legacy/non-arm/mips-pic32/usr.bin/lccom/simp.c	b8d613337b966191781b03a2086546a42e9f0caf	6b858bf78acde27d14be9daa9fbdb0947b9d11f3bb0ee7d83dd09361e8344f87	immutable
legacy-non-arm	usr.bin/lccom/sparc.md	legacy/non-arm/mips-pic32/usr.bin/lccom/sparc.md	ebd3150d510d9340d0269762870b0f916ad90ab4	2fe337ca0759284c6730264ed2143ab0f999e8104177d343d9ac93f6fdcbf945	immutable
legacy-non-arm	usr.bin/lccom/stab.c	legacy/non-arm/mips-pic32/usr.bin/lccom/stab.c	91482d007fa0c3588b3df456f68194f04b8492e4	6ae10b49f5389c6b3647b4238c30a0892f07f6eee523b48b650f7b9edd018ed5	immutable
legacy-non-arm	usr.bin/lccom/stab.h	legacy/non-arm/mips-pic32/usr.bin/lccom/stab.h	0fe57e4e8b3a5c34feb93054b2948f6833c771fe	3642a40488b003ca2307f18245c09c969817b8ceb0a323076dfaa51bee144b37	immutable
legacy-non-arm	usr.bin/lccom/stmt.c	legacy/non-arm/mips-pic32/usr.bin/lccom/stmt.c	b8669e99f24c1ebb4d4a72764ae0bcc8716834bd	78c7a50f8fdceaa6c0868d8f7b321fe7ba981dc98e2945e269fa219125dc992f	immutable
legacy-non-arm	usr.bin/lccom/string.c	legacy/non-arm/mips-pic32/usr.bin/lccom/string.c	893fc96b27410972c3fcd6216bb9c2a1b3680539	808b9b55ebbf1da7682dfb850e42c2bcb006a0d8ee54f493a5dc704a207343e0	immutable
legacy-non-arm	usr.bin/lccom/sym.c	legacy/non-arm/mips-pic32/usr.bin/lccom/sym.c	ff022368d26f0a9a8470ef101a65d484873928d7	f69892f595bdb9a88784a5cd5996516f351d4f7a56e8a4e5b17b909c9a60dbe8	immutable
legacy-non-arm	usr.bin/lccom/symbolic.c	legacy/non-arm/mips-pic32/usr.bin/lccom/symbolic.c	cdb833908210e718ef22de582d5b3d05583e305c	d4ed1061751db85f29f723a6ee9c512fd0be8b46d6cea64fe17c5c203c776c26	immutable
legacy-non-arm	usr.bin/lccom/token.h	legacy/non-arm/mips-pic32/usr.bin/lccom/token.h	12e5f2ba8ad4d1e328e1319bf5014390e66959a7	12353207d1e680f6e22d13fb9e5ae9660471c2a02acefcea0fbd544c0486bc5c	immutable
legacy-non-arm	usr.bin/lccom/trace.c	legacy/non-arm/mips-pic32/usr.bin/lccom/trace.c	2bdf107b962c6a02b29e0df4edd8c3e70b7c4368	adaf76b0c16d53e86a1eada306897234f76cd25105a3a393b0be17292c39b150	immutable
legacy-non-arm	usr.bin/lccom/tree.c	legacy/non-arm/mips-pic32/usr.bin/lccom/tree.c	d7543a789c5f19a2dca3af288151d436e7518282	5ce30d444552cc8fd4913bd2e8e4771cde39a95c4b22605c0186c5969cf635c0	immutable
legacy-non-arm	usr.bin/lccom/tst/.gitignore	legacy/non-arm/mips-pic32/usr.bin/lccom/tst/.gitignore	5988ee4779f2721e7bf6a3bf6fd3e4a417d77746	6544f3e8c706f7818f5a3b0149527c0736bdaa4ccce6bfe856e6999c8eb0c578	immutable
legacy-non-arm	usr.bin/lccom/tst/8q.0	legacy/non-arm/mips-pic32/usr.bin/lccom/tst/8q.0	e69de29bb2d1d6434b8b29ae775ad8c2e48c5391	e3b0c44298fc1c149afbf4c8996fb92427ae41e4649b934ca495991b7852b855	immutable
legacy-non-arm	usr.bin/lccom/tst/8q.c	legacy/non-arm/mips-pic32/usr.bin/lccom/tst/8q.c	60a65a98fa9e3b5deff9d6d06686780fde6476f4	089d2a5c558cc8a227e02cfb5f802db83f036b9ee1ca1c48f34c13bfaec7ccc0	immutable
legacy-non-arm	usr.bin/lccom/tst/array.0	legacy/non-arm/mips-pic32/usr.bin/lccom/tst/array.0	e69de29bb2d1d6434b8b29ae775ad8c2e48c5391	e3b0c44298fc1c149afbf4c8996fb92427ae41e4649b934ca495991b7852b855	immutable
legacy-non-arm	usr.bin/lccom/tst/array.c	legacy/non-arm/mips-pic32/usr.bin/lccom/tst/array.c	4c967e71e8efee968ab1e18606c05f1a53e669a2	deefef9829cbeeacde8fac1b36ef1f28bea369b6bd4fceed080c111a6f381214	immutable
legacy-non-arm	usr.bin/lccom/tst/cf.0	legacy/non-arm/mips-pic32/usr.bin/lccom/tst/cf.0	28efab784c117b4590a184a753760b81003d9687	f6ce8e67a12353d00a65b47ff7ff13a22c1492a4cad69f1e1027a9105398200c	immutable
legacy-non-arm	usr.bin/lccom/tst/cf.c	legacy/non-arm/mips-pic32/usr.bin/lccom/tst/cf.c	28efab784c117b4590a184a753760b81003d9687	f6ce8e67a12353d00a65b47ff7ff13a22c1492a4cad69f1e1027a9105398200c	immutable
legacy-non-arm	usr.bin/lccom/tst/cq.0	legacy/non-arm/mips-pic32/usr.bin/lccom/tst/cq.0	e69de29bb2d1d6434b8b29ae775ad8c2e48c5391	e3b0c44298fc1c149afbf4c8996fb92427ae41e4649b934ca495991b7852b855	immutable
legacy-non-arm	usr.bin/lccom/tst/cq.c	legacy/non-arm/mips-pic32/usr.bin/lccom/tst/cq.c	769b538e542d0ae899665b3617dfda59a4a898ae	bbb3f71d2110089553ffdda5d6870fba60f29d1bb63c9745d7c02b9617729cc7	immutable
legacy-non-arm	usr.bin/lccom/tst/cvt.0	legacy/non-arm/mips-pic32/usr.bin/lccom/tst/cvt.0	e69de29bb2d1d6434b8b29ae775ad8c2e48c5391	e3b0c44298fc1c149afbf4c8996fb92427ae41e4649b934ca495991b7852b855	immutable
legacy-non-arm	usr.bin/lccom/tst/cvt.c	legacy/non-arm/mips-pic32/usr.bin/lccom/tst/cvt.c	c2fa5155676da438aa51b1dc62e10bb02df5627e	9c61169e366706794d88559323d48d3f61b1bee3bea5dc7178f01192993e9e93	immutable
legacy-non-arm	usr.bin/lccom/tst/fields.0	legacy/non-arm/mips-pic32/usr.bin/lccom/tst/fields.0	e69de29bb2d1d6434b8b29ae775ad8c2e48c5391	e3b0c44298fc1c149afbf4c8996fb92427ae41e4649b934ca495991b7852b855	immutable
legacy-non-arm	usr.bin/lccom/tst/fields.c	legacy/non-arm/mips-pic32/usr.bin/lccom/tst/fields.c	242a53b5d374e2858c66a2882fa0213774c38a67	d271003b00650f4156106eb3322ae99ba9a04c3391a8f474862a85b30aabe2ff	immutable
legacy-non-arm	usr.bin/lccom/tst/front.0	legacy/non-arm/mips-pic32/usr.bin/lccom/tst/front.0	e69de29bb2d1d6434b8b29ae775ad8c2e48c5391	e3b0c44298fc1c149afbf4c8996fb92427ae41e4649b934ca495991b7852b855	immutable
legacy-non-arm	usr.bin/lccom/tst/front.c	legacy/non-arm/mips-pic32/usr.bin/lccom/tst/front.c	13125cfa6172672879de7731c0fb4bb41f82cab6	cf6d16c3de50f1371fed1821d59e0ec6900743303e27c0b018e38957152420ed	immutable
legacy-non-arm	usr.bin/lccom/tst/incr.0	legacy/non-arm/mips-pic32/usr.bin/lccom/tst/incr.0	e69de29bb2d1d6434b8b29ae775ad8c2e48c5391	e3b0c44298fc1c149afbf4c8996fb92427ae41e4649b934ca495991b7852b855	immutable
legacy-non-arm	usr.bin/lccom/tst/incr.c	legacy/non-arm/mips-pic32/usr.bin/lccom/tst/incr.c	7af89c6bd4337b0fe7580e126d49d51d22dfdaa8	be53ed4d68d6121f870e03ce8b23804a58af6c887cb5c80d51dd0f11c92258aa	immutable
legacy-non-arm	usr.bin/lccom/tst/init.0	legacy/non-arm/mips-pic32/usr.bin/lccom/tst/init.0	e69de29bb2d1d6434b8b29ae775ad8c2e48c5391	e3b0c44298fc1c149afbf4c8996fb92427ae41e4649b934ca495991b7852b855	immutable
legacy-non-arm	usr.bin/lccom/tst/init.c	legacy/non-arm/mips-pic32/usr.bin/lccom/tst/init.c	55cece38bf47c799815151a4c538ff779c746a32	684f0a4d8334287bb4b64d67542995b068644bb2b5f0772817beafeb7acc2fbf	immutable
legacy-non-arm	usr.bin/lccom/tst/limits.0	legacy/non-arm/mips-pic32/usr.bin/lccom/tst/limits.0	e69de29bb2d1d6434b8b29ae775ad8c2e48c5391	e3b0c44298fc1c149afbf4c8996fb92427ae41e4649b934ca495991b7852b855	immutable
legacy-non-arm	usr.bin/lccom/tst/limits.c	legacy/non-arm/mips-pic32/usr.bin/lccom/tst/limits.c	e2a13a63648778cdf7c1ece6a0b6abd44be8848f	48f3d04650d41e0fa2a98d305e9d16cccc270f2091736d4db43983bb724a4831	immutable
legacy-non-arm	usr.bin/lccom/tst/mips-eb/8q.1bk	legacy/non-arm/mips-pic32/usr.bin/lccom/tst/mips-eb/8q.1bk	7ed6437f4a453b5aa3c6dedfeeee05f62453bdaa	f710a25dd3f745b866f9842c14eb2e149c0042c00bb61b8a1e45404b3e130118	immutable
legacy-non-arm	usr.bin/lccom/tst/mips-eb/8q.2bk	legacy/non-arm/mips-pic32/usr.bin/lccom/tst/mips-eb/8q.2bk	d4dc0edfaab5d7ce4190d710b53c1d2462c02dda	84e007c981846376efce160e449e7ee77acf1e8e971993c76adbe71fece44744	immutable
legacy-non-arm	usr.bin/lccom/tst/mips-eb/8q.sbk	legacy/non-arm/mips-pic32/usr.bin/lccom/tst/mips-eb/8q.sbk	9e5d75fa42e502999e13f1b1649ab4cc97cbf3dc	c70540f656f2ea3a9955623008608af20455603168bb3037665011352a9307e9	immutable
legacy-non-arm	usr.bin/lccom/tst/mips-eb/array.1bk	legacy/non-arm/mips-pic32/usr.bin/lccom/tst/mips-eb/array.1bk	4d3817c987a04f53be5ed317d5737236f56db726	9c96b517268fac0cb342313881d4614ff0e09225da69d83cab1771955d4ab294	immutable
legacy-non-arm	usr.bin/lccom/tst/mips-eb/array.2bk	legacy/non-arm/mips-pic32/usr.bin/lccom/tst/mips-eb/array.2bk	c8cf31e1105ec6d8a0f9e46ca5d89bfec2fcb3da	7950e4acb235972d0a7c74ead96aa51a81e86e6e4282d548f1a869c244f8c120	immutable
legacy-non-arm	usr.bin/lccom/tst/mips-eb/array.sbk	legacy/non-arm/mips-pic32/usr.bin/lccom/tst/mips-eb/array.sbk	90eff4d4f4258f9d3c4d5b1286b5cfa20a48804f	a6a3bc7dc3114d233985f2ae870245b4cbb08e509b50848e654c201c6b129619	immutable
legacy-non-arm	usr.bin/lccom/tst/mips-eb/assert.h	legacy/non-arm/mips-pic32/usr.bin/lccom/tst/mips-eb/assert.h	04b0e3ad90442624741725c25128189ad910757d	84755f2283d2a71fc89341ea77be31dd38108cc7309dbf61cea3d0a415e3a773	immutable
legacy-non-arm	usr.bin/lccom/tst/mips-eb/cf.1bk	legacy/non-arm/mips-pic32/usr.bin/lccom/tst/mips-eb/cf.1bk	9e331c55574bdaa80f2aa27c74def282245e5b03	a7d1496ec7eda4fc091bd6518a437dfa770950d241acbe0a6551b56c2e8a657d	immutable
legacy-non-arm	usr.bin/lccom/tst/mips-eb/cf.2bk	legacy/non-arm/mips-pic32/usr.bin/lccom/tst/mips-eb/cf.2bk	e69de29bb2d1d6434b8b29ae775ad8c2e48c5391	e3b0c44298fc1c149afbf4c8996fb92427ae41e4649b934ca495991b7852b855	immutable
legacy-non-arm	usr.bin/lccom/tst/mips-eb/cf.sbk	legacy/non-arm/mips-pic32/usr.bin/lccom/tst/mips-eb/cf.sbk	75f582c00f6740a71e19c8ebe9ef42f3c9ca6112	9aaee15916b155ef67976fbb940156a5914aaf47ce4504bba9b2c910d159b801	immutable
legacy-non-arm	usr.bin/lccom/tst/mips-eb/cq.1bk	legacy/non-arm/mips-pic32/usr.bin/lccom/tst/mips-eb/cq.1bk	ec956b7da1b519fa96e146cfba0f3f8cb0bbd6a0	d553cd40f6da9355379b08165f57ab03b6040ea1595d9726c58fb91c0eb1b978	immutable
legacy-non-arm	usr.bin/lccom/tst/mips-eb/cq.2bk	legacy/non-arm/mips-pic32/usr.bin/lccom/tst/mips-eb/cq.2bk	7c6ba5e2a3907d7d15fe72e63c5eb379cade10d5	77eacba847c6cce49797167ea006037d4be899a939f9da4db973b504395ffb28	immutable
legacy-non-arm	usr.bin/lccom/tst/mips-eb/cq.sbk	legacy/non-arm/mips-pic32/usr.bin/lccom/tst/mips-eb/cq.sbk	b53bda075c843696770851b360ad0c09bde7c635	30b3b03f30ca410326cb7f76a9d013486469862c4f068006c0fcb4f243b86054	immutable
legacy-non-arm	usr.bin/lccom/tst/mips-eb/ctype.h	legacy/non-arm/mips-pic32/usr.bin/lccom/tst/mips-eb/ctype.h	2a4344056be66185d2eaad6aae8ec26d0e87e276	94c17131c725b6e98ab344af45da0fe20153883dedd6b7b949022a2c5a75d799	immutable
legacy-non-arm	usr.bin/lccom/tst/mips-eb/cvt.1bk	legacy/non-arm/mips-pic32/usr.bin/lccom/tst/mips-eb/cvt.1bk	b28b302ee1d347bd316b1f6a183b956117c0779f	cdd2394ddf49ea12c08e718a9737c618fcc77bb3e3a274d64f4685afa42be0da	immutable
legacy-non-arm	usr.bin/lccom/tst/mips-eb/cvt.2bk	legacy/non-arm/mips-pic32/usr.bin/lccom/tst/mips-eb/cvt.2bk	241527d4066bbe9b7495652a1017770e046f656e	a72031a16171bf4ea9aab4069954e216f8fee1a101dd2594a895fbc8a38cdf06	immutable
legacy-non-arm	usr.bin/lccom/tst/mips-eb/cvt.sbk	legacy/non-arm/mips-pic32/usr.bin/lccom/tst/mips-eb/cvt.sbk	feaf7d3441fa5b0e5959dda899a34ed7f7b32bdb	6de6b40765e50f0655e1e35a275427f35d27bc0ab46e42609f05901edc3b6833	immutable
legacy-non-arm	usr.bin/lccom/tst/mips-eb/errno.h	legacy/non-arm/mips-pic32/usr.bin/lccom/tst/mips-eb/errno.h	c914e05246516529f59378065202a7a8147606b4	90ef6b1b82e3af8c8fc3634a6e6fac2ca511bae0e675a4fce37e9e5b4bb10b18	immutable
legacy-non-arm	usr.bin/lccom/tst/mips-eb/fields.1bk	legacy/non-arm/mips-pic32/usr.bin/lccom/tst/mips-eb/fields.1bk	56fdeb98239ef764e11b60ec46978fa6b9f0f1e0	ea77d8cf126b699ec9836aa7fe5a5a46ae12fce5e3b8e59daf8abc1340278d15	immutable
legacy-non-arm	usr.bin/lccom/tst/mips-eb/fields.2bk	legacy/non-arm/mips-pic32/usr.bin/lccom/tst/mips-eb/fields.2bk	51e17364450ffb58152b507902e748fe62dcb870	8ab20dcbbfd126a62be02a0835e7b93756242fcef0d6fc70ffb8b156bbe809f0	immutable
legacy-non-arm	usr.bin/lccom/tst/mips-eb/fields.sbk	legacy/non-arm/mips-pic32/usr.bin/lccom/tst/mips-eb/fields.sbk	ff68f28bfed6e5a8b4a9bdde62720e42d0577266	bb9c8e608f69ddf1984c7bf9a965ccaa6c566b47876ef768609375259f1e1164	immutable
legacy-non-arm	usr.bin/lccom/tst/mips-eb/float.h	legacy/non-arm/mips-pic32/usr.bin/lccom/tst/mips-eb/float.h	a3e1eb5240e7790956c5406da14cc75f7e10d6ae	fa780483717119840323f47824afe556c9a332f66e6abe6dc7fc3e019dbf104a	immutable
legacy-non-arm	usr.bin/lccom/tst/mips-eb/front.2bk	legacy/non-arm/mips-pic32/usr.bin/lccom/tst/mips-eb/front.2bk	bbd390a86aefb8a3f9a9b45a30e4c980d12596e6	07ac51eefec3464ae28456190fbff5c0cdc5599ce9f3d89f20b95eda9eba5de5	immutable
legacy-non-arm	usr.bin/lccom/tst/mips-eb/front.sbk	legacy/non-arm/mips-pic32/usr.bin/lccom/tst/mips-eb/front.sbk	039e87592f78989061b51c356b4455530fd77211	662ef96fbbcaf76e57546bc963f13326f4e803139170008e887074461b725b91	immutable
legacy-non-arm	usr.bin/lccom/tst/mips-eb/incr.2bk	legacy/non-arm/mips-pic32/usr.bin/lccom/tst/mips-eb/incr.2bk	d9ef13c758d52b9db5876a6023c47f90c73abf7f	c5a3313db93f52f0e7f3ca5e75588cc8ee37a8e7a168a67d0c928807eefac4eb	immutable
legacy-non-arm	usr.bin/lccom/tst/mips-eb/incr.sbk	legacy/non-arm/mips-pic32/usr.bin/lccom/tst/mips-eb/incr.sbk	b7200e96cf397937c90a406dee1404e9155e7b7e	ca114f035786c5384da1836123d928e588dfa19da259cf7bac4085211536a32c	immutable
legacy-non-arm	usr.bin/lccom/tst/mips-eb/init.1bk	legacy/non-arm/mips-pic32/usr.bin/lccom/tst/mips-eb/init.1bk	77aff09e3b4f68ff45d0835d154bebadfa2b12b7	669b2140ce18f6a6f82d5fca4b382f1bbe25176242af654f6af1e1b7c929d68d	immutable
legacy-non-arm	usr.bin/lccom/tst/mips-eb/init.2bk	legacy/non-arm/mips-pic32/usr.bin/lccom/tst/mips-eb/init.2bk	aafe415b5790cb8e4af9ad63295079cecae773b9	985802cdea4860a2098d5c9be8e35e45b9049ffb674d5f58399800a4cbb1cbef	immutable
legacy-non-arm	usr.bin/lccom/tst/mips-eb/init.sbk	legacy/non-arm/mips-pic32/usr.bin/lccom/tst/mips-eb/init.sbk	128feb3164bc93609787d72be666e18d571860f7	848b113db6eb3e15e17f85e1ff53ef7f04854ecce7d8017d7e89167214949820	immutable
legacy-non-arm	usr.bin/lccom/tst/mips-eb/limits.1bk	legacy/non-arm/mips-pic32/usr.bin/lccom/tst/mips-eb/limits.1bk	9beee8c5e1f083883b496c8de3019a590335e339	2aab451e2e658208724aba651a4b3efe52fa7b722920b16d8c69cc1cc98133c7	immutable
legacy-non-arm	usr.bin/lccom/tst/mips-eb/limits.2bk	legacy/non-arm/mips-pic32/usr.bin/lccom/tst/mips-eb/limits.2bk	e69de29bb2d1d6434b8b29ae775ad8c2e48c5391	e3b0c44298fc1c149afbf4c8996fb92427ae41e4649b934ca495991b7852b855	immutable
legacy-non-arm	usr.bin/lccom/tst/mips-eb/limits.h	legacy/non-arm/mips-pic32/usr.bin/lccom/tst/mips-eb/limits.h	913bb97cd4423ddfb0d9dacf99e3a4e48c4600fc	b03c858bed6b7306ea727daab817551aac24ffc3e9d995863d291551375f6ef9	immutable
legacy-non-arm	usr.bin/lccom/tst/mips-eb/limits.sbk	legacy/non-arm/mips-pic32/usr.bin/lccom/tst/mips-eb/limits.sbk	e4f2673e0def29c78c670a900e12855162350221	d01f4f1b5a407bb9bc5e5c466eaf6d834b1aa7361d79f01cf47cf6393a7cbe53	immutable
legacy-non-arm	usr.bin/lccom/tst/mips-eb/locale.h	legacy/non-arm/mips-pic32/usr.bin/lccom/tst/mips-eb/locale.h	8a96636577fcc159d43c5debb0178615bc1638cc	52ca01484d09fef0a8e60642feddd760356de8c4e02f3837f3193aab6df0bf43	immutable
legacy-non-arm	usr.bin/lccom/tst/mips-eb/math.h	legacy/non-arm/mips-pic32/usr.bin/lccom/tst/mips-eb/math.h	d2a31f45d6e459c8856d571816a7e8905d316eb3	f5406a0424ce64c17d6ebb1806c348a02f8e3e8fb1dea550f9e34ed13e3e0c1c	immutable
legacy-non-arm	usr.bin/lccom/tst/mips-eb/paranoia.1bk	legacy/non-arm/mips-pic32/usr.bin/lccom/tst/mips-eb/paranoia.1bk	158f64913b63541f56825377d69d47f078b460e0	3186aca3397422f2d243e296ce4235f69ef3435834110927be2d40ba94a42721	immutable
legacy-non-arm	usr.bin/lccom/tst/mips-eb/paranoia.2bk	legacy/non-arm/mips-pic32/usr.bin/lccom/tst/mips-eb/paranoia.2bk	27181745c627e72ba3e8f2400bedb54a2bfc93ce	b62e08a8adf13e772c628f08ce680aa47c5fe8b2c5da340a3ba9edee892db759	immutable
legacy-non-arm	usr.bin/lccom/tst/mips-eb/paranoia.sbk	legacy/non-arm/mips-pic32/usr.bin/lccom/tst/mips-eb/paranoia.sbk	4dd866085e2cfd335554b1d72e08657ca77fadb0	e8173834fb3f9debe43c191ccf7415a03cc2eedfead766883bff7e4a5f9540d5	immutable
legacy-non-arm	usr.bin/lccom/tst/mips-eb/setjmp.h	legacy/non-arm/mips-pic32/usr.bin/lccom/tst/mips-eb/setjmp.h	7d9edad1b1649de0ed57e09061a619a2f4101301	e806ee9d8edba4a264a56677304ffdf7acc3834d210014c539d5a157f0e72bf8	immutable
legacy-non-arm	usr.bin/lccom/tst/mips-eb/signal.h	legacy/non-arm/mips-pic32/usr.bin/lccom/tst/mips-eb/signal.h	c208a6bcd267e9de637bb6053f401dbbbcc32834	e8092b255638d44b3090b54460db4c336b5d278e816aa6275fb260e526e03e7c	immutable
legacy-non-arm	usr.bin/lccom/tst/mips-eb/sort.1bk	legacy/non-arm/mips-pic32/usr.bin/lccom/tst/mips-eb/sort.1bk	75e1f0d44743030e28f5a3fdcf96a97e6496fd67	6a1bfa8febf34550e3e369714fec2d698fc893b02f25818cbbea880ebde5c3bc	immutable
legacy-non-arm	usr.bin/lccom/tst/mips-eb/sort.2bk	legacy/non-arm/mips-pic32/usr.bin/lccom/tst/mips-eb/sort.2bk	81e6f38db878d3ca13b67956071f292ba62e6f92	04ada95e8a627004505ed3a32e52aaaf9bae2732bbf6556f699af3b092f5c457	immutable
legacy-non-arm	usr.bin/lccom/tst/mips-eb/sort.sbk	legacy/non-arm/mips-pic32/usr.bin/lccom/tst/mips-eb/sort.sbk	5fd5de440141da45ea16506279495b8486dfe5fa	a3e27c98986475f3d4972d940f5d5c4c515a9f867529c6cc614725b04512f8f5	immutable
legacy-non-arm	usr.bin/lccom/tst/mips-eb/spill.2bk	legacy/non-arm/mips-pic32/usr.bin/lccom/tst/mips-eb/spill.2bk	afd73e2456b591676b63471bd76c998a8cbd02e8	26c40bd06ba49667c5868db9138681255ce92f3e88f5ac61e8c4475fe8402d37	immutable
legacy-non-arm	usr.bin/lccom/tst/mips-eb/spill.sbk	legacy/non-arm/mips-pic32/usr.bin/lccom/tst/mips-eb/spill.sbk	274f01f4d9de377f55b458dd81e8f41d96c69c6a	a8dfa5844dec597aec2c612ddeffd1a21278e487c900bea89e7a23f8db36729a	immutable
legacy-non-arm	usr.bin/lccom/tst/mips-eb/stdarg.1bk	legacy/non-arm/mips-pic32/usr.bin/lccom/tst/mips-eb/stdarg.1bk	e973176b25402fd0e8bb36424f100826c5f841e1	3c7092f12c3557c9153fcc9ba8fc71fa192c3bc2624cfeee01f7adff94c698a8	immutable
legacy-non-arm	usr.bin/lccom/tst/mips-eb/stdarg.2bk	legacy/non-arm/mips-pic32/usr.bin/lccom/tst/mips-eb/stdarg.2bk	2b3f41766b27db0ff4bfda82177a848532df4aa8	b395f177c40f73753f41d52c2b39b99c4eed17d5c4a05beef556d957354d1138	immutable
legacy-non-arm	usr.bin/lccom/tst/mips-eb/stdarg.h	legacy/non-arm/mips-pic32/usr.bin/lccom/tst/mips-eb/stdarg.h	e838c2b02903149a898b385c89b685ed126723bc	0565a5119b410b512a7842ce464dafcf5e4d8b97dee4f0446b81c3aa4ccbc8d7	immutable
legacy-non-arm	usr.bin/lccom/tst/mips-eb/stdarg.sbk	legacy/non-arm/mips-pic32/usr.bin/lccom/tst/mips-eb/stdarg.sbk	477ab8e1c43af858a22beccca1e174d2f9356580	043577f86a5a4eea75116dda2e592fc143d35aaf533fe55f7f58823087e179d1	immutable
legacy-non-arm	usr.bin/lccom/tst/mips-eb/stddef.h	legacy/non-arm/mips-pic32/usr.bin/lccom/tst/mips-eb/stddef.h	34fcc827f02a254e6a9689751e030d661d51bacb	f0512204b29c4980eaa4c35a7f581abb284a54526e47adb110c9bffcfd11ea1b	immutable
legacy-non-arm	usr.bin/lccom/tst/mips-eb/stdio.h	legacy/non-arm/mips-pic32/usr.bin/lccom/tst/mips-eb/stdio.h	63fe5c282ca4c1f1bd4344c5e9c9238eed33ee46	ec2688f82133824795bcf7d3c73429dd9bb7295fd5c4f26017992a8d28025c72	immutable
legacy-non-arm	usr.bin/lccom/tst/mips-eb/stdlib.h	legacy/non-arm/mips-pic32/usr.bin/lccom/tst/mips-eb/stdlib.h	e8ce3f41e72711015e1c61ce90f4ceba5dd646f7	f32bd62b7892101d14ad2faf529d8074e2563e284a547e57f23d3b1ed019c9f0	immutable
legacy-non-arm	usr.bin/lccom/tst/mips-eb/string.h	legacy/non-arm/mips-pic32/usr.bin/lccom/tst/mips-eb/string.h	c6ae2d37a56235b3c654f1f8083c7113a3fb046c	a5c75f896647d2f331e83d4cc5f56ce36d58611945cff19edacc6de255bf3365	immutable
legacy-non-arm	usr.bin/lccom/tst/mips-eb/struct.1bk	legacy/non-arm/mips-pic32/usr.bin/lccom/tst/mips-eb/struct.1bk	807f3da0020232e15b666856926746106258833a	804a685ab7ccf7caaa47e8196c7a8cd57528d6747240374ec3c99e0ea4a4d16c	immutable
legacy-non-arm	usr.bin/lccom/tst/mips-eb/struct.2bk	legacy/non-arm/mips-pic32/usr.bin/lccom/tst/mips-eb/struct.2bk	cb0fbd0b18eca0a48c8668f243d0f8d4951e60ed	81c2b7198d4cc85a9f535bf985cba36f7509a1523921d90fac206e62f93f29b4	immutable
legacy-non-arm	usr.bin/lccom/tst/mips-eb/struct.sbk	legacy/non-arm/mips-pic32/usr.bin/lccom/tst/mips-eb/struct.sbk	73369d308bd184ac15dcd9614b82ec88cff3ea9d	8328fbab69faf0400036cbc9748c21dad7a6eebb8b9068407c5b08207c5c5a9c	immutable
legacy-non-arm	usr.bin/lccom/tst/mips-eb/switch.1bk	legacy/non-arm/mips-pic32/usr.bin/lccom/tst/mips-eb/switch.1bk	de46a73e996f8d9e9cde2315fb03370a5c99e82a	8ab7e31bcce78af6cef28ac669ce823b90fc25652f1607fce3d83bb31f0c83a4	immutable
legacy-non-arm	usr.bin/lccom/tst/mips-eb/switch.2bk	legacy/non-arm/mips-pic32/usr.bin/lccom/tst/mips-eb/switch.2bk	709b419d7b47fdd85769774c1a87035c9e650b0c	72f181a94d7c7d76dc9e48e002f3633584632299ab205312eb784b86fb154084	immutable
legacy-non-arm	usr.bin/lccom/tst/mips-eb/switch.sbk	legacy/non-arm/mips-pic32/usr.bin/lccom/tst/mips-eb/switch.sbk	ccf60c9cf983e675fc46265299ac11277dc1c98c	a8d634d1dea6ba687ea07ddd80c03492de0b00d5f77abaf427806628bd8a8003	immutable
legacy-non-arm	usr.bin/lccom/tst/mips-eb/time.h	legacy/non-arm/mips-pic32/usr.bin/lccom/tst/mips-eb/time.h	6b7a3c1c4c58f7dcba66b51de13b13d30c9f6931	03ee48dc452cf26174821532488369c3575d054f9757fbb3dfd2840d966ebd7f	immutable
legacy-non-arm	usr.bin/lccom/tst/mips-eb/wf1.1bk	legacy/non-arm/mips-pic32/usr.bin/lccom/tst/mips-eb/wf1.1bk	a846267fecbb6dedc6b74fc0113bf37f583a6aaa	ad0f3f464305f08cdf04ba80ef47d2e8193c6fba63ec3b3e8163e6022980b621	immutable
legacy-non-arm	usr.bin/lccom/tst/mips-eb/wf1.2bk	legacy/non-arm/mips-pic32/usr.bin/lccom/tst/mips-eb/wf1.2bk	190e4a1b8f2f530b17c3fa491f5293ea831afa70	fded386903c8efa20d2d2145578d2aad4d3ec9c5f7f70e5631590f64972a9a9a	immutable
legacy-non-arm	usr.bin/lccom/tst/mips-eb/wf1.sbk	legacy/non-arm/mips-pic32/usr.bin/lccom/tst/mips-eb/wf1.sbk	541ea9f8c51396414ba77db0a7ed5c44a66b813c	021ffa4f291cd48d8f579d021842aa865e5630aaf901d940a87a19430b9583e3	immutable
legacy-non-arm	usr.bin/lccom/tst/mips-eb/yacc.1bk	legacy/non-arm/mips-pic32/usr.bin/lccom/tst/mips-eb/yacc.1bk	60de9b5060f534a896a1cd3e6bda74e2fbda06dc	bd1179908e597424d0eb2471e54fd98a847dd0a85c137bcb2dcd56f72b1ab764	immutable
legacy-non-arm	usr.bin/lccom/tst/mips-eb/yacc.2bk	legacy/non-arm/mips-pic32/usr.bin/lccom/tst/mips-eb/yacc.2bk	4b6dc3987506be1b747cfbd15c306f15fc05f074	6989086ec35edc5dbbb9a5ca2f5a6fac4469522fceea13b36c52e7b62920b2cf	immutable
legacy-non-arm	usr.bin/lccom/tst/mips-eb/yacc.sbk	legacy/non-arm/mips-pic32/usr.bin/lccom/tst/mips-eb/yacc.sbk	b31cbdc59dc9b69fd90f8b50225279b7aeaf6382	4e73d802d2dfc5f4adca52387479b3087e144d8b9c7caeffb4727adaaef24828	immutable
legacy-non-arm	usr.bin/lccom/tst/paranoia.0	legacy/non-arm/mips-pic32/usr.bin/lccom/tst/paranoia.0	e69de29bb2d1d6434b8b29ae775ad8c2e48c5391	e3b0c44298fc1c149afbf4c8996fb92427ae41e4649b934ca495991b7852b855	immutable
legacy-non-arm	usr.bin/lccom/tst/paranoia.c	legacy/non-arm/mips-pic32/usr.bin/lccom/tst/paranoia.c	ec9f8cea8822358c2e8fb8987425adc0f9e8756d	2b69b8d5bcdf0ade55ffd930deb4a0ba114c948e9b2e37bb8500cfbedf77ff87	immutable
legacy-non-arm	usr.bin/lccom/tst/run.sh	legacy/non-arm/mips-pic32/usr.bin/lccom/tst/run.sh	25db8f097acc48d2a810b8a69e72944ddc1c8f97	0fc92643966c2db95e4c965598cc87862b1fb3b23e86aa94efd46381ac1915e1	immutable
legacy-non-arm	usr.bin/lccom/tst/sort.0	legacy/non-arm/mips-pic32/usr.bin/lccom/tst/sort.0	e69de29bb2d1d6434b8b29ae775ad8c2e48c5391	e3b0c44298fc1c149afbf4c8996fb92427ae41e4649b934ca495991b7852b855	immutable
legacy-non-arm	usr.bin/lccom/tst/sort.c	legacy/non-arm/mips-pic32/usr.bin/lccom/tst/sort.c	a0cff6212decb69716963e150685ad32d6b005ce	4d6ed497a1b394e4ced81259909bd4bf64f830d87cc70b2f893868550e5f4343	immutable
legacy-non-arm	usr.bin/lccom/tst/spill.0	legacy/non-arm/mips-pic32/usr.bin/lccom/tst/spill.0	e69de29bb2d1d6434b8b29ae775ad8c2e48c5391	e3b0c44298fc1c149afbf4c8996fb92427ae41e4649b934ca495991b7852b855	immutable
legacy-non-arm	usr.bin/lccom/tst/spill.c	legacy/non-arm/mips-pic32/usr.bin/lccom/tst/spill.c	2c5da81e9ba55fe9c703185172759ab07694b249	503eb39f29d67530c844d68edd32158f75c2861e08e1839e77a006b2374fb554	immutable
legacy-non-arm	usr.bin/lccom/tst/stdarg.0	legacy/non-arm/mips-pic32/usr.bin/lccom/tst/stdarg.0	e69de29bb2d1d6434b8b29ae775ad8c2e48c5391	e3b0c44298fc1c149afbf4c8996fb92427ae41e4649b934ca495991b7852b855	immutable
legacy-non-arm	usr.bin/lccom/tst/stdarg.c	legacy/non-arm/mips-pic32/usr.bin/lccom/tst/stdarg.c	c6a5338a1db28646eef8c4b7fca6932e58dc1735	7b361c0fcd6cfbd9debc6f2c2115cba6b62c05d6e5e818a81cdc156442922f82	immutable
legacy-non-arm	usr.bin/lccom/tst/struct.0	legacy/non-arm/mips-pic32/usr.bin/lccom/tst/struct.0	e69de29bb2d1d6434b8b29ae775ad8c2e48c5391	e3b0c44298fc1c149afbf4c8996fb92427ae41e4649b934ca495991b7852b855	immutable
legacy-non-arm	usr.bin/lccom/tst/struct.c	legacy/non-arm/mips-pic32/usr.bin/lccom/tst/struct.c	fe81681146a2ed55b0790e66d6722e29f6f45667	7e2df3a938f639d0932eb731aa11bcac8101f109a6b55a1ed961746b07924cb3	immutable
legacy-non-arm	usr.bin/lccom/tst/switch.0	legacy/non-arm/mips-pic32/usr.bin/lccom/tst/switch.0	e69de29bb2d1d6434b8b29ae775ad8c2e48c5391	e3b0c44298fc1c149afbf4c8996fb92427ae41e4649b934ca495991b7852b855	immutable
legacy-non-arm	usr.bin/lccom/tst/switch.c	legacy/non-arm/mips-pic32/usr.bin/lccom/tst/switch.c	dd62d79cb4bfcebe1cc5cea0852a200ea1866ce8	86fb0146839e56019cfb8d8210162eb9092794abec7c685ad0611fe8874842b0	immutable
legacy-non-arm	usr.bin/lccom/tst/wf1.0	legacy/non-arm/mips-pic32/usr.bin/lccom/tst/wf1.0	761b526d63b3c6a84980d07f9bb45bf6c8e8b68c	3a4e8da57d9e786dcbf4e6b331c2c0b5db3d3032ea562e07d2af7e09857a3a91	immutable
legacy-non-arm	usr.bin/lccom/tst/wf1.c	legacy/non-arm/mips-pic32/usr.bin/lccom/tst/wf1.c	d0c6e32d9d9a43ebd108baf721f58a62936715e9	88bd6b3ca0596861a233b560b9304f4b21b5782e8a8b064d34d9154611fc802f	immutable
legacy-non-arm	usr.bin/lccom/tst/x86-linux/8q.1bk	legacy/non-arm/mips-pic32/usr.bin/lccom/tst/x86-linux/8q.1bk	7ed6437f4a453b5aa3c6dedfeeee05f62453bdaa	f710a25dd3f745b866f9842c14eb2e149c0042c00bb61b8a1e45404b3e130118	immutable
legacy-non-arm	usr.bin/lccom/tst/x86-linux/8q.2bk	legacy/non-arm/mips-pic32/usr.bin/lccom/tst/x86-linux/8q.2bk	d4dc0edfaab5d7ce4190d710b53c1d2462c02dda	84e007c981846376efce160e449e7ee77acf1e8e971993c76adbe71fece44744	immutable
legacy-non-arm	usr.bin/lccom/tst/x86-linux/8q.sbk	legacy/non-arm/mips-pic32/usr.bin/lccom/tst/x86-linux/8q.sbk	b9b957752586e76536f1f261592da8d65a06632f	191159b356011803f3a78c3c6d0a19c2f8307d0b98d6075e30bf78deb390a719	immutable
legacy-non-arm	usr.bin/lccom/tst/x86-linux/array.1bk	legacy/non-arm/mips-pic32/usr.bin/lccom/tst/x86-linux/array.1bk	4d3817c987a04f53be5ed317d5737236f56db726	9c96b517268fac0cb342313881d4614ff0e09225da69d83cab1771955d4ab294	immutable
legacy-non-arm	usr.bin/lccom/tst/x86-linux/array.2bk	legacy/non-arm/mips-pic32/usr.bin/lccom/tst/x86-linux/array.2bk	c8cf31e1105ec6d8a0f9e46ca5d89bfec2fcb3da	7950e4acb235972d0a7c74ead96aa51a81e86e6e4282d548f1a869c244f8c120	immutable
legacy-non-arm	usr.bin/lccom/tst/x86-linux/array.sbk	legacy/non-arm/mips-pic32/usr.bin/lccom/tst/x86-linux/array.sbk	66bcee3c2db6313160e08d7c13ddc180004f190f	81e5b927e417dccb93c2bbac5bdcedb9faaaa74a7ff47e3f0f6d21f280206ae2	immutable
legacy-non-arm	usr.bin/lccom/tst/x86-linux/assert.h	legacy/non-arm/mips-pic32/usr.bin/lccom/tst/x86-linux/assert.h	04b0e3ad90442624741725c25128189ad910757d	84755f2283d2a71fc89341ea77be31dd38108cc7309dbf61cea3d0a415e3a773	immutable
legacy-non-arm	usr.bin/lccom/tst/x86-linux/cf.1bk	legacy/non-arm/mips-pic32/usr.bin/lccom/tst/x86-linux/cf.1bk	9e331c55574bdaa80f2aa27c74def282245e5b03	a7d1496ec7eda4fc091bd6518a437dfa770950d241acbe0a6551b56c2e8a657d	immutable
legacy-non-arm	usr.bin/lccom/tst/x86-linux/cf.2bk	legacy/non-arm/mips-pic32/usr.bin/lccom/tst/x86-linux/cf.2bk	e69de29bb2d1d6434b8b29ae775ad8c2e48c5391	e3b0c44298fc1c149afbf4c8996fb92427ae41e4649b934ca495991b7852b855	immutable
legacy-non-arm	usr.bin/lccom/tst/x86-linux/cf.sbk	legacy/non-arm/mips-pic32/usr.bin/lccom/tst/x86-linux/cf.sbk	b714f3ca32d1ff33f9ed3469736a226f906d000b	f3c54de02a2c0196fb8156ca0979600a5bc97f2c3c0408b4513554b8ff5743e7	immutable
legacy-non-arm	usr.bin/lccom/tst/x86-linux/cq.1bk	legacy/non-arm/mips-pic32/usr.bin/lccom/tst/x86-linux/cq.1bk	f0e8b35b32de192df3a50d6b63364acd28150be1	ddbba1a8461f79c62566b7034d2fe5dce76b8cff24c0d43cd538c82344b53bab	immutable
legacy-non-arm	usr.bin/lccom/tst/x86-linux/cq.2bk	legacy/non-arm/mips-pic32/usr.bin/lccom/tst/x86-linux/cq.2bk	7c6ba5e2a3907d7d15fe72e63c5eb379cade10d5	77eacba847c6cce49797167ea006037d4be899a939f9da4db973b504395ffb28	immutable
legacy-non-arm	usr.bin/lccom/tst/x86-linux/cq.sbk	legacy/non-arm/mips-pic32/usr.bin/lccom/tst/x86-linux/cq.sbk	58b725adb1e7566283f5d4b3af4cd210940fecbd	99af57c71a6d738fe83546fa23171a047f1a2f1a20c7e29c1296aa1d8d8dbd94	immutable
legacy-non-arm	usr.bin/lccom/tst/x86-linux/cvt.1bk	legacy/non-arm/mips-pic32/usr.bin/lccom/tst/x86-linux/cvt.1bk	b28b302ee1d347bd316b1f6a183b956117c0779f	cdd2394ddf49ea12c08e718a9737c618fcc77bb3e3a274d64f4685afa42be0da	immutable
legacy-non-arm	usr.bin/lccom/tst/x86-linux/cvt.2bk	legacy/non-arm/mips-pic32/usr.bin/lccom/tst/x86-linux/cvt.2bk	241527d4066bbe9b7495652a1017770e046f656e	a72031a16171bf4ea9aab4069954e216f8fee1a101dd2594a895fbc8a38cdf06	immutable
legacy-non-arm	usr.bin/lccom/tst/x86-linux/cvt.sbk	legacy/non-arm/mips-pic32/usr.bin/lccom/tst/x86-linux/cvt.sbk	b5b86a62cc6ba3064d3d61b10798a8642c1580e2	8f043ab23706da16df7f231173a52f7e628798c9578e01fb131b7018fd84a17d	immutable
legacy-non-arm	usr.bin/lccom/tst/x86-linux/fields.1bk	legacy/non-arm/mips-pic32/usr.bin/lccom/tst/x86-linux/fields.1bk	56fdeb98239ef764e11b60ec46978fa6b9f0f1e0	ea77d8cf126b699ec9836aa7fe5a5a46ae12fce5e3b8e59daf8abc1340278d15	immutable
legacy-non-arm	usr.bin/lccom/tst/x86-linux/fields.2bk	legacy/non-arm/mips-pic32/usr.bin/lccom/tst/x86-linux/fields.2bk	51e17364450ffb58152b507902e748fe62dcb870	8ab20dcbbfd126a62be02a0835e7b93756242fcef0d6fc70ffb8b156bbe809f0	immutable
legacy-non-arm	usr.bin/lccom/tst/x86-linux/fields.sbk	legacy/non-arm/mips-pic32/usr.bin/lccom/tst/x86-linux/fields.sbk	b99903666d2654dd8ac4b6b10335fe050dcb5f7c	ed87bbb11553aa5577a11cbf3ea1bc815a3f07ffb496289df1dcfbbf2312fb5b	immutable
legacy-non-arm	usr.bin/lccom/tst/x86-linux/float.h	legacy/non-arm/mips-pic32/usr.bin/lccom/tst/x86-linux/float.h	fde462b84d4d9357b48a6842a46f6a5fceeb1209	19b059d707712c1f824fb8c7fe514f36275db98357338b7e4ab9f449b306ee7d	immutable
legacy-non-arm	usr.bin/lccom/tst/x86-linux/front.2bk	legacy/non-arm/mips-pic32/usr.bin/lccom/tst/x86-linux/front.2bk	bbd390a86aefb8a3f9a9b45a30e4c980d12596e6	07ac51eefec3464ae28456190fbff5c0cdc5599ce9f3d89f20b95eda9eba5de5	immutable
legacy-non-arm	usr.bin/lccom/tst/x86-linux/front.sbk	legacy/non-arm/mips-pic32/usr.bin/lccom/tst/x86-linux/front.sbk	8e49df0a98a8d89b413fbb71003688ed97cdfe47	0429c3c99c6d9cf0c115a3ab258ac7a1314a17e72b11425cc5c8910f4752ee6f	immutable
legacy-non-arm	usr.bin/lccom/tst/x86-linux/incr.1bk	legacy/non-arm/mips-pic32/usr.bin/lccom/tst/x86-linux/incr.1bk	e69de29bb2d1d6434b8b29ae775ad8c2e48c5391	e3b0c44298fc1c149afbf4c8996fb92427ae41e4649b934ca495991b7852b855	immutable
legacy-non-arm	usr.bin/lccom/tst/x86-linux/incr.2bk	legacy/non-arm/mips-pic32/usr.bin/lccom/tst/x86-linux/incr.2bk	d9ef13c758d52b9db5876a6023c47f90c73abf7f	c5a3313db93f52f0e7f3ca5e75588cc8ee37a8e7a168a67d0c928807eefac4eb	immutable
legacy-non-arm	usr.bin/lccom/tst/x86-linux/incr.sbk	legacy/non-arm/mips-pic32/usr.bin/lccom/tst/x86-linux/incr.sbk	84845682f3d118d33d4b2536d9ff17be6b0b6445	2a074a1bd36608e2810397090b1ceebaf7c15c8dc3325518d99a14620206a772	immutable
legacy-non-arm	usr.bin/lccom/tst/x86-linux/init.1bk	legacy/non-arm/mips-pic32/usr.bin/lccom/tst/x86-linux/init.1bk	77aff09e3b4f68ff45d0835d154bebadfa2b12b7	669b2140ce18f6a6f82d5fca4b382f1bbe25176242af654f6af1e1b7c929d68d	immutable
legacy-non-arm	usr.bin/lccom/tst/x86-linux/init.2bk	legacy/non-arm/mips-pic32/usr.bin/lccom/tst/x86-linux/init.2bk	aafe415b5790cb8e4af9ad63295079cecae773b9	985802cdea4860a2098d5c9be8e35e45b9049ffb674d5f58399800a4cbb1cbef	immutable
legacy-non-arm	usr.bin/lccom/tst/x86-linux/init.sbk	legacy/non-arm/mips-pic32/usr.bin/lccom/tst/x86-linux/init.sbk	dbe369532127aa2f2cf58b3a7d041031636de68e	613825e0e9a9d9d4e3a14d6f02ed827fe12bc5ec0eea3225215e540d7387cdaa	immutable
legacy-non-arm	usr.bin/lccom/tst/x86-linux/limits.1bk	legacy/non-arm/mips-pic32/usr.bin/lccom/tst/x86-linux/limits.1bk	9beee8c5e1f083883b496c8de3019a590335e339	2aab451e2e658208724aba651a4b3efe52fa7b722920b16d8c69cc1cc98133c7	immutable
legacy-non-arm	usr.bin/lccom/tst/x86-linux/limits.2bk	legacy/non-arm/mips-pic32/usr.bin/lccom/tst/x86-linux/limits.2bk	e69de29bb2d1d6434b8b29ae775ad8c2e48c5391	e3b0c44298fc1c149afbf4c8996fb92427ae41e4649b934ca495991b7852b855	immutable
legacy-non-arm	usr.bin/lccom/tst/x86-linux/limits.h	legacy/non-arm/mips-pic32/usr.bin/lccom/tst/x86-linux/limits.h	913bb97cd4423ddfb0d9dacf99e3a4e48c4600fc	b03c858bed6b7306ea727daab817551aac24ffc3e9d995863d291551375f6ef9	immutable
legacy-non-arm	usr.bin/lccom/tst/x86-linux/limits.sbk	legacy/non-arm/mips-pic32/usr.bin/lccom/tst/x86-linux/limits.sbk	4bf634e2aa51b9f9214356a3cf54af9dcc0a2ede	f686bf61e3b9813a5d3398db8c3d09d750452f7de88374710391c006c42666d2	immutable
legacy-non-arm	usr.bin/lccom/tst/x86-linux/math.h	legacy/non-arm/mips-pic32/usr.bin/lccom/tst/x86-linux/math.h	d2a31f45d6e459c8856d571816a7e8905d316eb3	f5406a0424ce64c17d6ebb1806c348a02f8e3e8fb1dea550f9e34ed13e3e0c1c	immutable
legacy-non-arm	usr.bin/lccom/tst/x86-linux/paranoia.1bk	legacy/non-arm/mips-pic32/usr.bin/lccom/tst/x86-linux/paranoia.1bk	6639dd37d0d308da68cdf18eef2aef5ad9eb50af	918ee9588841cb29523c59ab714e2ee294e0c33c6c468cd9b7f23a1e8f578aba	immutable
legacy-non-arm	usr.bin/lccom/tst/x86-linux/paranoia.2bk	legacy/non-arm/mips-pic32/usr.bin/lccom/tst/x86-linux/paranoia.2bk	27181745c627e72ba3e8f2400bedb54a2bfc93ce	b62e08a8adf13e772c628f08ce680aa47c5fe8b2c5da340a3ba9edee892db759	immutable
legacy-non-arm	usr.bin/lccom/tst/x86-linux/paranoia.sbk	legacy/non-arm/mips-pic32/usr.bin/lccom/tst/x86-linux/paranoia.sbk	285ef4f5f589dd4fd77660dc2d42c557c8b38f8c	80074a210b9418e2b450f3201fa362039f7b19f2fdd945c384037c7dae67e6b3	immutable
legacy-non-arm	usr.bin/lccom/tst/x86-linux/sort.1bk	legacy/non-arm/mips-pic32/usr.bin/lccom/tst/x86-linux/sort.1bk	75e1f0d44743030e28f5a3fdcf96a97e6496fd67	6a1bfa8febf34550e3e369714fec2d698fc893b02f25818cbbea880ebde5c3bc	immutable
legacy-non-arm	usr.bin/lccom/tst/x86-linux/sort.2bk	legacy/non-arm/mips-pic32/usr.bin/lccom/tst/x86-linux/sort.2bk	81e6f38db878d3ca13b67956071f292ba62e6f92	04ada95e8a627004505ed3a32e52aaaf9bae2732bbf6556f699af3b092f5c457	immutable
legacy-non-arm	usr.bin/lccom/tst/x86-linux/sort.sbk	legacy/non-arm/mips-pic32/usr.bin/lccom/tst/x86-linux/sort.sbk	b4cfbb672994711169eb0de5957a67ca2ebef7bb	254e05c90e6267e2d7c19f2f7c235ba3c9427eed97d1a804f33d3f2cbd1214d8	immutable
legacy-non-arm	usr.bin/lccom/tst/x86-linux/spill.1bk	legacy/non-arm/mips-pic32/usr.bin/lccom/tst/x86-linux/spill.1bk	e69de29bb2d1d6434b8b29ae775ad8c2e48c5391	e3b0c44298fc1c149afbf4c8996fb92427ae41e4649b934ca495991b7852b855	immutable
legacy-non-arm	usr.bin/lccom/tst/x86-linux/spill.2bk	legacy/non-arm/mips-pic32/usr.bin/lccom/tst/x86-linux/spill.2bk	afd73e2456b591676b63471bd76c998a8cbd02e8	26c40bd06ba49667c5868db9138681255ce92f3e88f5ac61e8c4475fe8402d37	immutable
legacy-non-arm	usr.bin/lccom/tst/x86-linux/spill.sbk	legacy/non-arm/mips-pic32/usr.bin/lccom/tst/x86-linux/spill.sbk	c66c3db7aa947cf6c35cb935441ca26843de6e9c	5018a10a65f1e2fdf1aacdd5b7e2257eb0868e1dfdeea9f003a7f93bdd4fba79	immutable
legacy-non-arm	usr.bin/lccom/tst/x86-linux/stdarg.1bk	legacy/non-arm/mips-pic32/usr.bin/lccom/tst/x86-linux/stdarg.1bk	e973176b25402fd0e8bb36424f100826c5f841e1	3c7092f12c3557c9153fcc9ba8fc71fa192c3bc2624cfeee01f7adff94c698a8	immutable
legacy-non-arm	usr.bin/lccom/tst/x86-linux/stdarg.2bk	legacy/non-arm/mips-pic32/usr.bin/lccom/tst/x86-linux/stdarg.2bk	2b3f41766b27db0ff4bfda82177a848532df4aa8	b395f177c40f73753f41d52c2b39b99c4eed17d5c4a05beef556d957354d1138	immutable
legacy-non-arm	usr.bin/lccom/tst/x86-linux/stdarg.h	legacy/non-arm/mips-pic32/usr.bin/lccom/tst/x86-linux/stdarg.h	5107bcd4710eb71a0e2961d7d8b977fbe6bbd406	742fd5cc80516558eaa76a91cddf5828855ceac1c3dc696ca5c461d58f12a63f	immutable
legacy-non-arm	usr.bin/lccom/tst/x86-linux/stdarg.sbk	legacy/non-arm/mips-pic32/usr.bin/lccom/tst/x86-linux/stdarg.sbk	821042867321d651a984145c6449164840eaa70c	e3ea2f94575ad8e4a7a856a07319a2b8e5b8b145416bddad0bd82a6eb5068b55	immutable
legacy-non-arm	usr.bin/lccom/tst/x86-linux/struct.1bk	legacy/non-arm/mips-pic32/usr.bin/lccom/tst/x86-linux/struct.1bk	807f3da0020232e15b666856926746106258833a	804a685ab7ccf7caaa47e8196c7a8cd57528d6747240374ec3c99e0ea4a4d16c	immutable
legacy-non-arm	usr.bin/lccom/tst/x86-linux/struct.2bk	legacy/non-arm/mips-pic32/usr.bin/lccom/tst/x86-linux/struct.2bk	cb0fbd0b18eca0a48c8668f243d0f8d4951e60ed	81c2b7198d4cc85a9f535bf985cba36f7509a1523921d90fac206e62f93f29b4	immutable
legacy-non-arm	usr.bin/lccom/tst/x86-linux/struct.sbk	legacy/non-arm/mips-pic32/usr.bin/lccom/tst/x86-linux/struct.sbk	ebfb5b43ed4d0947e6c32c05fe70a9e149ad72cc	01b20c8c94bd1667513a54a1c5b78657ad2571060cc845b465addf0257813670	immutable
legacy-non-arm	usr.bin/lccom/tst/x86-linux/switch.1bk	legacy/non-arm/mips-pic32/usr.bin/lccom/tst/x86-linux/switch.1bk	de46a73e996f8d9e9cde2315fb03370a5c99e82a	8ab7e31bcce78af6cef28ac669ce823b90fc25652f1607fce3d83bb31f0c83a4	immutable
legacy-non-arm	usr.bin/lccom/tst/x86-linux/switch.2bk	legacy/non-arm/mips-pic32/usr.bin/lccom/tst/x86-linux/switch.2bk	709b419d7b47fdd85769774c1a87035c9e650b0c	72f181a94d7c7d76dc9e48e002f3633584632299ab205312eb784b86fb154084	immutable
legacy-non-arm	usr.bin/lccom/tst/x86-linux/switch.sbk	legacy/non-arm/mips-pic32/usr.bin/lccom/tst/x86-linux/switch.sbk	4ecdc6c8d79409913818c54fe96fcbc830491480	6edc0bcf97059e6aa9f1e04a86dd636cb3ebdf3bbceec1db9b477419bcfcb0dd	immutable
legacy-non-arm	usr.bin/lccom/tst/x86-linux/wf1.1bk	legacy/non-arm/mips-pic32/usr.bin/lccom/tst/x86-linux/wf1.1bk	a846267fecbb6dedc6b74fc0113bf37f583a6aaa	ad0f3f464305f08cdf04ba80ef47d2e8193c6fba63ec3b3e8163e6022980b621	immutable
legacy-non-arm	usr.bin/lccom/tst/x86-linux/wf1.2bk	legacy/non-arm/mips-pic32/usr.bin/lccom/tst/x86-linux/wf1.2bk	190e4a1b8f2f530b17c3fa491f5293ea831afa70	fded386903c8efa20d2d2145578d2aad4d3ec9c5f7f70e5631590f64972a9a9a	immutable
legacy-non-arm	usr.bin/lccom/tst/x86-linux/wf1.sbk	legacy/non-arm/mips-pic32/usr.bin/lccom/tst/x86-linux/wf1.sbk	f3ee849372234caa0ec61ad5161b636ba8b643f0	12531d7c35dca5dea1c6a50962fb425905b8bb4ed32e164fa21b9aff6f2fd5f2	immutable
legacy-non-arm	usr.bin/lccom/tst/x86-linux/yacc.1bk	legacy/non-arm/mips-pic32/usr.bin/lccom/tst/x86-linux/yacc.1bk	60de9b5060f534a896a1cd3e6bda74e2fbda06dc	bd1179908e597424d0eb2471e54fd98a847dd0a85c137bcb2dcd56f72b1ab764	immutable
legacy-non-arm	usr.bin/lccom/tst/x86-linux/yacc.2bk	legacy/non-arm/mips-pic32/usr.bin/lccom/tst/x86-linux/yacc.2bk	4b6dc3987506be1b747cfbd15c306f15fc05f074	6989086ec35edc5dbbb9a5ca2f5a6fac4469522fceea13b36c52e7b62920b2cf	immutable
legacy-non-arm	usr.bin/lccom/tst/x86-linux/yacc.sbk	legacy/non-arm/mips-pic32/usr.bin/lccom/tst/x86-linux/yacc.sbk	61f9858498ac31500e910229a5c0feac374e73bf	a7d6499e6fb9ee55324e71844b4044701ce964220b2532dc5e7f9704e9b9084d	immutable
legacy-non-arm	usr.bin/lccom/tst/yacc.0	legacy/non-arm/mips-pic32/usr.bin/lccom/tst/yacc.0	46de7cb4df63f818e611078ce027733bf8f285f6	e23d75987a86748198c36b104954d0eb26a5f90c33b8504b5ea703ec9939b4ee	immutable
legacy-non-arm	usr.bin/lccom/tst/yacc.c	legacy/non-arm/mips-pic32/usr.bin/lccom/tst/yacc.c	caea40657453ea7ca38298676a1ab0528a49322c	8e6d498074339b7187c8208862c69dac51310ba38ea23bed078b3224d4aa21cb	immutable
legacy-non-arm	usr.bin/lccom/types.c	legacy/non-arm/mips-pic32/usr.bin/lccom/types.c	115fa793606b22a97ad27c9b912a235fd28154b0	efaf226f29e723bcdac60128ddabc5a32079f15e1a575f8b4a14dc898c16b460	immutable
legacy-non-arm	usr.bin/lccom/x86.md	legacy/non-arm/mips-pic32/usr.bin/lccom/x86.md	1e134b2586f8ff326beeceaed61164096c1446c9	09116f662699b77d83b333ee922315db67fa9c97b9e5334fab6173c6d2b9c26d	immutable
legacy-non-arm	usr.bin/lccom/x86linux.md	legacy/non-arm/mips-pic32/usr.bin/lccom/x86linux.md	d291d4c8e38990af24afdc4fa089fa1e3cb5a1c2	c127d286dcfc2b84b255b59cde6182fd861916fbac686a8a07a1bed1e5c7aaba	immutable
legacy-non-arm	usr.bin/lcpp/.gitignore	legacy/non-arm/mips-pic32/usr.bin/lcpp/.gitignore	7bf1860e8cc4e77f54f04e171d65c9adb37144ab	ecbfe1365d025448cf070e655962146d284d08664154c365e5a03501d727da0b	immutable
legacy-non-arm	usr.bin/lcpp/Makefile	legacy/non-arm/mips-pic32/usr.bin/lcpp/Makefile	482fd51e5d93bd61a18f51cb2d6f632fdfe3d33d	93406318e45d84bff95cfa527681e2ef335b2139d23e1d982a365c8056c94b9f	immutable
legacy-non-arm	usr.bin/lcpp/cpp.c	legacy/non-arm/mips-pic32/usr.bin/lcpp/cpp.c	f082fec075d761bbf229a368e7ca60e7047ab56d	b40af5b668d3f581a075df4315c699a6718707a38e5bbd5a916a5e48b5a12427	immutable
legacy-non-arm	usr.bin/lcpp/cpp.h	legacy/non-arm/mips-pic32/usr.bin/lcpp/cpp.h	99ac7d32e97703f0e01d04294e1d9499fdc3e1f0	bdd9e6bdc36d925cb29606efbc1ced5ba6c912147ebc968af42341e07fdc61ec	immutable
legacy-non-arm	usr.bin/lcpp/eval.c	legacy/non-arm/mips-pic32/usr.bin/lcpp/eval.c	9efb88a68e8c5a443a1dfdf17fa19c8141f4047f	dd041b6bf07572905cfb1d77b46925f9995ea6a45aee5ab658ca652c2fd97039	immutable
legacy-non-arm	usr.bin/lcpp/hideset.c	legacy/non-arm/mips-pic32/usr.bin/lcpp/hideset.c	ef06d539ed46d1448ecd388821000eed504c4a50	6e6d2dec77e2769f43f7d68c8719891492cc2669f6edbb2fd26472fc90015eef	immutable
legacy-non-arm	usr.bin/lcpp/include.c	legacy/non-arm/mips-pic32/usr.bin/lcpp/include.c	6f658582f1dc5665a870167225b89a1e4dbafac2	735eba2936ca4e5a6ff7f9492bae64a6bd44d3c3c9baa036e7c7c9b110a03242	immutable
legacy-non-arm	usr.bin/lcpp/lex.c	legacy/non-arm/mips-pic32/usr.bin/lcpp/lex.c	0920aefa0be4c7546d35920f3d1f3fbb2508bcb3	e55d5b174858ee658cab24f01f0daddee4d5399cc169d583b2e60868941a47c8	immutable
legacy-non-arm	usr.bin/lcpp/macro.c	legacy/non-arm/mips-pic32/usr.bin/lcpp/macro.c	c4a0920efcac7c8fe610f407a1fced4399120800	6a653454ad1f099715c60b7d966bd0e921624bf34b978adadcd056bc12a28907	immutable
legacy-non-arm	usr.bin/lcpp/nlist.c	legacy/non-arm/mips-pic32/usr.bin/lcpp/nlist.c	b1776bba5755c30f735e0a8218851b44e42a2fa4	b2fd2fba9db77370e4350fb18bd503e622eb1b23793f871ff0f71a569906355c	immutable
legacy-non-arm	usr.bin/lcpp/tokens.c	legacy/non-arm/mips-pic32/usr.bin/lcpp/tokens.c	05eb830e339076e3560cd9a53278498dde4d8cb1	171a99a20a3eabf0d00b6b59081bba28cd8cf10415e4ca62c9cd6ff796fd7370	immutable
legacy-non-arm	usr.bin/lcpp/unix.c	legacy/non-arm/mips-pic32/usr.bin/lcpp/unix.c	3df3a66a25ee05c0509b5648c9407ed07d6e560e	cd8328abeb2c9ad35e6bc5ed5256a43daaffe959c02f81803e657a7e402e8145	immutable
legacy-pdp11-v6	usr.bin/pdp11/COPYING	legacy/pdp11-v6/usr.bin/pdp11/COPYING	5a8e332545f667aab9bf3a17f11dba27c70b656a	7637386b5f81e8a719ca336233149005e5fa28b5e6054ea7b67de49355b0ad40	immutable
legacy-pdp11-v6	usr.bin/pdp11/Caldera-license.pdf	legacy/pdp11-v6/usr.bin/pdp11/Caldera-license.pdf	fd302b41386a29c3d19110a394b3f377d8c8a55a	16514a4d9ea6426b85a9c4baea883dce2d71e5342eea0ebb6a32a40efc7035e3	immutable
legacy-pdp11-v6	usr.bin/pdp11/Makefile	legacy/pdp11-v6/usr.bin/pdp11/Makefile	22af6ab15fd6b3c32b89b72245aba3c83ae94759	917217727f06ab94be98e9398ed1c6504cbd71ffa998d44b8bd1bfde9a1ce87d	maintained
legacy-pdp11-v6	usr.bin/pdp11/README.md	legacy/pdp11-v6/usr.bin/pdp11/README.md	bbba77c6ce23fe48823758edae94e448406734b6	fef1c3203a0a8e8a6848b7ec6eaf07f8d8d754367cc170042386843f52488829	maintained
legacy-pdp11-v6	usr.bin/pdp11/cons.c	legacy/pdp11-v6/usr.bin/pdp11/cons.c	337dbc695c20273c44b3002bb64d317b46545f3a	06fe3120dfd84f057516cc62353cb1bb1fe16e8ab2b50250b20796618300874d	maintained
legacy-pdp11-v6	usr.bin/pdp11/cpu.c	legacy/pdp11-v6/usr.bin/pdp11/cpu.c	4b7d34fa7314a62ef2e22374212dd7b39f7f5b78	028df63432df9ffd5a2fa6c4bd2b95656d1790d13c3762ab0276023ac7037ee7	maintained
legacy-pdp11-v6	usr.bin/pdp11/main.c	legacy/pdp11-v6/usr.bin/pdp11/main.c	544ef0ee6adcd5c12659d73238cf1c07da0810ab	729b0c4d1b7815596d8d30b83291015ede08f7d272df99328c792098bc56adb0	maintained
legacy-pdp11-v6	usr.bin/pdp11/mmu.c	legacy/pdp11-v6/usr.bin/pdp11/mmu.c	d73a8fc62a7289d83570b50e9ced4c7efa88d8a6	ded409dac4c2f5f670e520128c3a454d5f51f1329aa55089908eb907b493b38a	maintained
legacy-pdp11-v6	usr.bin/pdp11/pdp11.h	legacy/pdp11-v6/usr.bin/pdp11/pdp11.h	6c13dd9217beafb27087b98bfeedc27ea0c319b0	738dba6bdb648c1fe9c0b2fbaa53c984b3738b3ce849438fb1f4370456ad1cc2	maintained
legacy-pdp11-v6	usr.bin/pdp11/rk.c	legacy/pdp11-v6/usr.bin/pdp11/rk.c	f0d78190738f10b8b6b9516ecfb70b2e47149918	4de324a962be84e796ef733256a9347fadb69b9291bf2e491ee9a519bac40b42	maintained
legacy-pdp11-v6	usr.bin/pdp11/tests/mkv6pack.py	legacy/pdp11-v6/usr.bin/pdp11/tests/mkv6pack.py	92d33820119aa94165356cadd90efa07ba7a90fe	0c7850484a3e811b1e3027e4d547bc254e2310578cdb96104a6e7ea7012ea285	maintained
legacy-pdp11-v6	usr.bin/pdp11/tests/v6.list	legacy/pdp11-v6/usr.bin/pdp11/tests/v6.list	839a6201da82edef2bf7cfdedf87aeebf5273d9d	08497fd74d4dbbc7edde6e0c304b2c7a264d402904fa8e2240ab6831a036bcdb	maintained
legacy-pdp11-v6	usr.bin/pdp11/tests/v6boot.sh	legacy/pdp11-v6/usr.bin/pdp11/tests/v6boot.sh	40a1ab1b3f5a2dc5600a195c76db23e7f89706cc	5c0c983768b8753c5ca6793d383f1ea29a5ca50b9ebbfe32716b119fcd6e920a	maintained
legacy-pdp11-v6	usr.bin/pdp11/unibus.c	legacy/pdp11-v6/usr.bin/pdp11/unibus.c	c6b026fc388da3a9dd8facf33c3fabf4a1c7fd26	9581f29daefb86ee651167ac58869fea02f5e9915a0a2ec82ccceef2ddfb2232	maintained
legacy-pdp11-v6	usr.bin/pdp11/v6.rk.gz	legacy/pdp11-v6/usr.bin/pdp11/v6.rk.gz	7a4af4a2da8e4fe30e33402a396d864371cce3f1	61678c2e916120922a5fc4ffaa24afd47af68097c176b0ab294291905c40e9bf	immutable
legacy-non-arm	usr.bin/pforth/pf_win32.h	legacy/non-arm/x86-win32/usr.bin/pforth/pf_win32.h	1bb298a70579b175a8a9e71888cf8d56bf4023b1	1c388a257bef0908dc854490649c0ba28b8439eb24dbd63d651ac9275fefe93e	immutable
legacy-non-arm	usr.bin/picoc/msvc/picoc/picoc.sln	legacy/non-arm/x86-win32/usr.bin/picoc/msvc/picoc/picoc.sln	e2be65729d64d84eeb7f17a53aa282a415b6c5e9	017b2efae56ad94555dfd9e331d3ff1235df088235676dd6415615a31de24c22	immutable
legacy-non-arm	usr.bin/picoc/msvc/picoc/picoc.vcxproj	legacy/non-arm/x86-win32/usr.bin/picoc/msvc/picoc/picoc.vcxproj	63f24a00d04451ece443ac2e72ba45bfc1f052a8	1a1b4b3b32d9864aa71cab09418162e88537181bb8684cfb0dbab579ae0d6c40	immutable
legacy-non-arm	usr.bin/picoc/msvc/picoc/picoc.vcxproj.filters	legacy/non-arm/x86-win32/usr.bin/picoc/msvc/picoc/picoc.vcxproj.filters	77be70adb4cebcfbb775b1c239b70f1bf222cedf	6b9d8a5e59d6b0cfcd38d15d96fc6f928dcc12bdcd70f1de00d9c077f6094af5	immutable
legacy-unsupported-platform	usr.bin/picoc/platform/library_ffox.c	legacy/unsupported-platforms/usr.bin/picoc/platform/library_ffox.c	9e68e625d5e0de2079d913afdcc6106eae98bdb1	2b37f3e0249d35f76c31d2533719ca956212caff67368619948cc32b3565a861	immutable
legacy-non-arm	usr.bin/picoc/platform/library_msvc.c	legacy/non-arm/x86-win32/usr.bin/picoc/platform/library_msvc.c	c2c54b4894836007f3f00bd6a63e6432770478a6	3f451cf06839004d989b47749f17fac90c2f329aa8ab6b8d7448df93083c44f9	immutable
legacy-non-arm	usr.bin/picoc/platform/library_srv1.c	legacy/non-arm/blackfin-surveyor/usr.bin/picoc/platform/library_srv1.c	a8cd44346aeb043a63a1fc2c12fe697c7558a0be	fd9962070e6be5fae859567bd309fb4fc33345ad0e8bc46e2c0aef02d0459c14	immutable
legacy-non-arm	usr.bin/picoc/platform/library_surveyor.c	legacy/non-arm/blackfin-surveyor/usr.bin/picoc/platform/library_surveyor.c	283aff22f09714369c030f94efb8625b18b1ffca	9d07f80e7779169baae8cc10023c162ed6b1a483ed3f6356e65656a2b075954f	immutable
legacy-unsupported-platform	usr.bin/picoc/platform/platform_ffox.c	legacy/unsupported-platforms/usr.bin/picoc/platform/platform_ffox.c	ea7bd7eb2e08bd3635c671c129c8ffd35300ec29	8e467980932fff269e72de5f5e8da3ebf373c96ef2d7ab69a27b4145de3d4a25	immutable
legacy-non-arm	usr.bin/picoc/platform/platform_msvc.c	legacy/non-arm/x86-win32/usr.bin/picoc/platform/platform_msvc.c	14718aad5c98b7bde186f05f1ff5a0a3f5785d05	3c935713f2cf4b64a4937539e20fe69b3e938621cea4f6db88e28a545353d499	immutable
legacy-non-arm	usr.bin/picoc/platform/platform_surveyor.c	legacy/non-arm/blackfin-surveyor/usr.bin/picoc/platform/platform_surveyor.c	1557747d5e2de2e7a7d5714ad608c8c00d9273d4	c283b6a1d6eba21bc7ac2b0efddba798ff27191a54fd9388a7c18d292fb59cf9	immutable
legacy-non-arm	usr.bin/portio/.gitignore	legacy/non-arm/mips-pic32/usr.bin/portio/.gitignore	e29d35663716d3618ebeb18173ed863a0ec688f1	8eea270f37878a92e7db8901836ff0874876472904d208345813a1500120948c	immutable
legacy-non-arm	usr.bin/portio/Makefile	legacy/non-arm/mips-pic32/usr.bin/portio/Makefile	5e58647832e1bd8e283b86c1ea56f362d317a3d7	6cccf483e1e70b4a6958d4db087800ebaec242ef0c2cc52b435ff1d1045c8edf	immutable
legacy-non-arm	usr.bin/portio/font6x10.c	legacy/non-arm/mips-pic32/usr.bin/portio/font6x10.c	668221a65d37e902353586914930e23b4f859c09	d995bc8a422916d0df40da03c619ad120274b516e1938f96a3c1635494048e2f	immutable
legacy-non-arm	usr.bin/portio/lol.c	legacy/non-arm/mips-pic32/usr.bin/portio/lol.c	29c5508c8046b8b81093800a9c2d9c92d8e3555c	3e41ed1f93d6d645cdb190dcaa24c3f345316ab4abbf2b4a087fbdc953f4c677	immutable
legacy-non-arm	usr.bin/portio/portio.c	legacy/non-arm/mips-pic32/usr.bin/portio/portio.c	cfb67fa7ae858fbb27637e52324f83f34888ee16	1c38997c832d91ae48e5fd82e72b792e8a1c2b992c0d0b87745a2531f9af6a5f	immutable
legacy-non-arm	usr.bin/pwm/.gitignore	legacy/non-arm/mips-pic32/usr.bin/pwm/.gitignore	66e97de4fa9c88ba0c537a38d29ed409adb9beaf	9b1951ab92fee84afb764a2c919da221f98662f36e56a9177afb49bc5edfcd4d	immutable
legacy-non-arm	usr.bin/pwm/Makefile	legacy/non-arm/mips-pic32/usr.bin/pwm/Makefile	e6b3b8b5446ea889b111f12ab99705e96656f15e	af9acaa7944a5ec4946ebc6f3bff0904768dfce43e2f0c0b35603b84160887a5	immutable
legacy-non-arm	usr.bin/pwm/pwm.c	legacy/non-arm/mips-pic32/usr.bin/pwm/pwm.c	55f78ec05b2aefa7d12690727bddf49ca2b8314b	2a131836bbb09fc2647cb323d5cda12a7e978b7b9ebab09ce679ad137112e92b	immutable
legacy-non-arm	usr.bin/smallc/.gitignore	legacy/non-arm/mips-pic32/usr.bin/smallc/.gitignore	6ec22d0f50dd3678632c879ee45d2fccceee2796	38fad0988c976ca702024fd1529fa076ca7620e0c193473bc6b42f348c88c3ef	immutable
legacy-non-arm	usr.bin/smallc/6809/ccstart.u	legacy/non-arm/mips-pic32/usr.bin/smallc/6809/ccstart.u	ffeb176e8a32888ce5a9663c8989a017fbd8af13	4de00f4b09023aadefb4f41a257ce62a9602c3696c973888a1589fa8a9907d19	immutable
legacy-non-arm	usr.bin/smallc/6809/crunas09.u	legacy/non-arm/mips-pic32/usr.bin/smallc/6809/crunas09.u	4b20f81e95130cadfa347d9f1329ed631924688e	fb54076354f730b6e4c9690faf262ccbac31f0de655c26aef8a863e66a3128d3	immutable
legacy-non-arm	usr.bin/smallc/6809/exit.u	legacy/non-arm/mips-pic32/usr.bin/smallc/6809/exit.u	423fd67b5df6ebd5110e67a7e9d5af8dbfd0b980	0865e64a1182b780d4855a94d330e4a1e04ffd60598b45c05d01f3151cacc42e	immutable
legacy-non-arm	usr.bin/smallc/6809/faults.u	legacy/non-arm/mips-pic32/usr.bin/smallc/6809/faults.u	6e7db80de2315da5185750b3d6c888a19d967465	03434e955d76395537dcaa4e4e75a8da82f2e537fd0e89e9bb0be0dbc9cd020c	immutable
legacy-non-arm	usr.bin/smallc/6809/io.u	legacy/non-arm/mips-pic32/usr.bin/smallc/6809/io.u	1f3a63f36309e682e56120adcb6cdd7165ab1a12	45329ad10b5f5ffa4b91181ff1487b8d9e94886bf20e43804df642b5f27c87b3	immutable
legacy-non-arm	usr.bin/smallc/6809/mrabs.u	legacy/non-arm/mips-pic32/usr.bin/smallc/6809/mrabs.u	97f066241c818e0bf3f63cbfe5943726aa1bc318	1eea103ba06e2ea98180990efd7507047c7f2a3403b15fe68de77837c0074b44	immutable
legacy-non-arm	usr.bin/smallc/6809/prabs.u	legacy/non-arm/mips-pic32/usr.bin/smallc/6809/prabs.u	40b6dc85957b920b8fc7d27ac31f499762aefc92	0da652cc2bdc364ef7f3a73868fa8a0c2e3ff27a79741aedd8d647ad37e46ae6	immutable
legacy-non-arm	usr.bin/smallc/6809/sdiv.u	legacy/non-arm/mips-pic32/usr.bin/smallc/6809/sdiv.u	3b17770755770e8d539428f6a138e8dfce301e58	d4f562098e45044ffeedb1189ca6fffed7ae2358a4e0c924780475a463333c54	immutable
legacy-non-arm	usr.bin/smallc/6809/shift.u	legacy/non-arm/mips-pic32/usr.bin/smallc/6809/shift.u	0ced5ec6c46001dfcf90fa33288cac39c63bb911	d4b6e0c088d2d927b13538791f8719fb71143e6608b8a80888b7bbca61e22bd3	immutable
legacy-non-arm	usr.bin/smallc/6809/smod.u	legacy/non-arm/mips-pic32/usr.bin/smallc/6809/smod.u	737cb9004caae0b7f1eb902b8b1e09a36fe13b15	5f2b0fa418372e3f28087c2f0e72efa7d930461d69a20d2040b28c3f044a300e	immutable
legacy-non-arm	usr.bin/smallc/6809/sumul.u	legacy/non-arm/mips-pic32/usr.bin/smallc/6809/sumul.u	806c9ca8b65fb45a8080ec9cd7e6e5cf65f116fc	a19c6fc2aba8f5979d7232fe50982db4442499f1464ab5679fd3f22bc845ef39	immutable
legacy-non-arm	usr.bin/smallc/8080/Makefile	legacy/non-arm/mips-pic32/usr.bin/smallc/8080/Makefile	f25608154f43507707fd21ae71a83e80c408fc59	04631a43467a251e24f87cd2d695604595343e1517c99a63bc3cdaba52b305a0	immutable
legacy-non-arm	usr.bin/smallc/8080/arglist.c	legacy/non-arm/mips-pic32/usr.bin/smallc/8080/arglist.c	f747b465b89202cd0abbeeb86e9414834d149fa7	1f0877762792181922583b2ac9efbb0950028b997f554850c4f6a189e30c35df	immutable
legacy-non-arm	usr.bin/smallc/8080/bdos.c	legacy/non-arm/mips-pic32/usr.bin/smallc/8080/bdos.c	b475f1819ac3f29b8b6e6980d63b9e8a06c6c2b7	7b2998d4891f1d69e210cc2c6807ae446c4a7e389609d8abff801f3352187a2b	immutable
legacy-non-arm	usr.bin/smallc/8080/bdos1.c	legacy/non-arm/mips-pic32/usr.bin/smallc/8080/bdos1.c	aa00c9312441b28027651984ba778dbdc4296c0f	6641427ad33c853af2ec5683c44344c2cfbbbba3a53eab7678fc9981960acd61	immutable
legacy-non-arm	usr.bin/smallc/8080/chio8080.c	legacy/non-arm/mips-pic32/usr.bin/smallc/8080/chio8080.c	4cdd2e29e5009f71af22c5440278d78babcf2d97	9311f940e98f5b2250de3c4aabfccf1d7962163df5ac6d9bbdafb64f1de662e9	immutable
legacy-non-arm	usr.bin/smallc/8080/cret.asm	legacy/non-arm/mips-pic32/usr.bin/smallc/8080/cret.asm	ea3d06c5d0a2daeb4b0628082599b798164eae31	7c1fdf34c8338d3235db05a23b4e4f0e7a17747ef60b65ae0819963707d5f3ff	immutable
legacy-non-arm	usr.bin/smallc/8080/crun.asm	legacy/non-arm/mips-pic32/usr.bin/smallc/8080/crun.asm	d60070ab324d3e31098b0e022573d19fb2508f2b	4c5fe682ea08db3e23213fa8585db33d39df6cf23bc97e219027af1b54c2b418	immutable
legacy-non-arm	usr.bin/smallc/8080/exit.c	legacy/non-arm/mips-pic32/usr.bin/smallc/8080/exit.c	10a7fe15d691316f993bc4b9cbffcb33e369c55e	ebc56b8b0ff282f59d8d9b2b1d679de37cd6f559ede396afa436427c995639dd	immutable
legacy-non-arm	usr.bin/smallc/8080/inout.c	legacy/non-arm/mips-pic32/usr.bin/smallc/8080/inout.c	16f3f186e6c50dc3439a342bffd71901c7ba6c48	5c5cbb85420199eff45bb9b20b133a83f4d55681ba2ce6f825a319351a304d80	immutable
legacy-non-arm	usr.bin/smallc/8080/io8080.c	legacy/non-arm/mips-pic32/usr.bin/smallc/8080/io8080.c	f6c457f7fc4c7edbaa64fa4bed4d99c4a4931606	b7ec27be7f0a6fab6f2cd1bb39fd1ce7aba5dab172cc56e8aea2657d389a55f2	immutable
legacy-non-arm	usr.bin/smallc/Makefile	legacy/non-arm/mips-pic32/usr.bin/smallc/Makefile	5ee318962e923e0a364df9586a2101765e4e7f8f	037d0f28f9f01df2b7c33f289331d3fd5dbd3ad6ec1d6f3227093eec2cc718f0	immutable
legacy-non-arm	usr.bin/smallc/README	legacy/non-arm/mips-pic32/usr.bin/smallc/README	2b3ee6ec0e56307ce73738f8d9570a9e89772a5e	c2d7067e40262f8be3d135c9453effb3c82f35f321ec69754c936007f79f28b9	immutable
legacy-non-arm	usr.bin/smallc/code8080.c	legacy/non-arm/mips-pic32/usr.bin/smallc/code8080.c	f4cb12e284f7b9b9bfb3c5bb6b5bb96c66efcabc	d512b2970c99e09a7c5def7da1e470c63ada6b868e5ba669554b779a1a60a203	immutable
legacy-non-arm	usr.bin/smallc/codeas09.c	legacy/non-arm/mips-pic32/usr.bin/smallc/codeas09.c	1703f6d716ea8f0e42517c0cb450f6c4b2b632b2	dfc63d7c646d94ce918ac3dbe27149c5352c9af39a7f83ff9badd96e9de3e32b	immutable
legacy-non-arm	usr.bin/smallc/codem68k.c	legacy/non-arm/mips-pic32/usr.bin/smallc/codem68k.c	57455be9e6a5c43b3a10697b2aeca92231322cf4	53e5fd1113132860cc674f06daf5d07427c29689b96437c49bcad9a4ab3e95b0	immutable
legacy-non-arm	usr.bin/smallc/codemips.c	legacy/non-arm/mips-pic32/usr.bin/smallc/codemips.c	5d92c732b72716e37400157b8cce46b4c92b70c4	f70a27f02e802234bc93c163b4ba19da387ffd810061c300968ce8440053c725	immutable
legacy-non-arm	usr.bin/smallc/codevax.c	legacy/non-arm/mips-pic32/usr.bin/smallc/codevax.c	6dc3940895d10c8b17ffe43b0687ed35c2df0b3b	39838ac059e59c72443b111a6de51c4522fac09bfbf7e90ad457313a8a06f113	immutable
legacy-non-arm	usr.bin/smallc/data.c	legacy/non-arm/mips-pic32/usr.bin/smallc/data.c	07d91e3406239cc0683cf0f03b4fe9a0e51f4f2c	cae75ca75d8ad517db53d4d6ca04fc58106eb176348a31458df2a92c590a1782	immutable
legacy-non-arm	usr.bin/smallc/data.h	legacy/non-arm/mips-pic32/usr.bin/smallc/data.h	5431e6f534b792e92228fc989dce9918ce82f3f0	650a18bb564d684bd486a52a9fb6337bb16370358289bedcb89e7f32b122718a	immutable
legacy-non-arm	usr.bin/smallc/defs.h	legacy/non-arm/mips-pic32/usr.bin/smallc/defs.h	6e4bbb4a7c397e27e040b75bb295c0142f1158fb	c5ad122411c7d2bfbc228dd699d397a53ee1a559d42158631e3e129335470871	immutable
legacy-non-arm	usr.bin/smallc/error.c	legacy/non-arm/mips-pic32/usr.bin/smallc/error.c	9420bee60f073eaaaed921af4528afb4a8b79fe5	2c526c2f2c912a3f2e37f6e469ed445fadbf1ad47b1c1c135eae9d74f2b02ec4	immutable
legacy-non-arm	usr.bin/smallc/expr.c	legacy/non-arm/mips-pic32/usr.bin/smallc/expr.c	b4450351a14731ca1a260f2e85ed6e33ee3adaa2	472d7ac6478231568cfd764c78652cb7181f3eb5dd1233a40aa606c0a5a7af31	immutable
legacy-non-arm	usr.bin/smallc/function.c	legacy/non-arm/mips-pic32/usr.bin/smallc/function.c	e7cfe3152936d77bd61cd67b5131cef83989a499	5cc5c598dc306e7a4116bd838df769e8680baf22e20ae90b9f74bb40e0d71a80	immutable
legacy-non-arm	usr.bin/smallc/gen.c	legacy/non-arm/mips-pic32/usr.bin/smallc/gen.c	c96623768a9e437db72d83d8fdb57d4ab840d032	46933193d10284fe5ff752251516d90611403103e117ac728ff57c638a8a32c0	immutable
legacy-non-arm	usr.bin/smallc/includes/ctype.h	legacy/non-arm/mips-pic32/usr.bin/smallc/includes/ctype.h	07c42f3a12ab598ef6f69429f5a3117e80297afe	c6302109b742222ce89d1ddaa6ba6fdf6708d3de3a3de18dc62f9278055410a0	immutable
legacy-non-arm	usr.bin/smallc/includes/hello.c	legacy/non-arm/mips-pic32/usr.bin/smallc/includes/hello.c	e0a56e4bcbd06d17345a7bc46fd5d1e3f31bedb5	628b092f2f75940857b49ac624ebc4970fa1ac3bff0df1b38251379bed1448e2	immutable
legacy-non-arm	usr.bin/smallc/includes/stdio.h	legacy/non-arm/mips-pic32/usr.bin/smallc/includes/stdio.h	fcc9f11783a137c9f7aa66f179c403d0f83bafc2	101132460bc590c570751eb719ea177cf97f472932039a37dc79a3fa14957f81	immutable
legacy-non-arm	usr.bin/smallc/initialise.c	legacy/non-arm/mips-pic32/usr.bin/smallc/initialise.c	fae24c8bf4aad598c22f7c79591ad1ebb0f85b00	f2d6c88f85b8ce3f93a650e18e03566b0946464182a844895d0bd36204b13e18	immutable
legacy-non-arm	usr.bin/smallc/io.c	legacy/non-arm/mips-pic32/usr.bin/smallc/io.c	699c8ef37bfb6b01f3be4e626f8b51ed8e714a15	58d60646dcda11a18ec4c872c086a09564db6d3c0ccd1905c9df436887068bef	immutable
legacy-non-arm	usr.bin/smallc/lex.c	legacy/non-arm/mips-pic32/usr.bin/smallc/lex.c	db574aa56150bacb46b95fe054f41e52f2acaf79	ea89c3128561bbbc64eb7dfef6df69fef5f5bd08d08829314b71738fe5607b3d	immutable
legacy-non-arm	usr.bin/smallc/lib/Makefile	legacy/non-arm/mips-pic32/usr.bin/smallc/lib/Makefile	eaa2352b323341463c3a5ad6c9f792941e6b72eb	43d3cf117fde773ed96800b8218d3f2f94705e7fc259221807f8af0d3224df41	immutable
legacy-non-arm	usr.bin/smallc/lib/abs.c	legacy/non-arm/mips-pic32/usr.bin/smallc/lib/abs.c	9a0adfe54ea79e2b6120111fdc200f188c5ca4f4	5d70301f2ce20c63c419998992baca2e761651edc1e12e6549c6a228787386e9	immutable
legacy-non-arm	usr.bin/smallc/lib/atoi.c	legacy/non-arm/mips-pic32/usr.bin/smallc/lib/atoi.c	265e3f2b2a1391d568161c76a992747faea1f9d5	e94557c52b1c53017904c2c5bbb6977b5f8411ca311b59be5ca148fc69448d8a	immutable
legacy-non-arm	usr.bin/smallc/lib/binary.c	legacy/non-arm/mips-pic32/usr.bin/smallc/lib/binary.c	8b6cea51eb90f474aa8e54b4badba11cdbf3a810	4323354c734f7ff6971dd215617bdf4d9420febc16c6f7157c70ff2797779786	immutable
legacy-non-arm	usr.bin/smallc/lib/charclass.c	legacy/non-arm/mips-pic32/usr.bin/smallc/lib/charclass.c	39fb87358aff3a93db52235e3ad567580bbbc44d	463675f07f7aa4d50e0a864255fd52e9437024b107d50cf281ecc9db41540cc5	immutable
legacy-non-arm	usr.bin/smallc/lib/fgets.c	legacy/non-arm/mips-pic32/usr.bin/smallc/lib/fgets.c	82e44d29e59c3ffc0901f8f32f688a4890b14fbd	0d71e4d9f1686d2407e111fd842c1b7fc6c5dcf227cb36390dd870a56bdf4bb3	immutable
legacy-non-arm	usr.bin/smallc/lib/fputs.c	legacy/non-arm/mips-pic32/usr.bin/smallc/lib/fputs.c	1f916b5234bfa499e7d3d8700bcb8a262d89a09a	55f09b89a1ae38ea4b42096b7bf4a8d3a358a6fbdfc139344dfc1cf770ea0b06	immutable
legacy-non-arm	usr.bin/smallc/lib/getchar.c	legacy/non-arm/mips-pic32/usr.bin/smallc/lib/getchar.c	48fedfbb862ae7ba371a480be1ca48f156fe2623	01b5b9e35d3b98c423f1baf9b1bfd96a5d472000379c2b38fbed26f0b47d5f14	immutable
legacy-non-arm	usr.bin/smallc/lib/index.c	legacy/non-arm/mips-pic32/usr.bin/smallc/lib/index.c	26c720462f3d8f1dd0256140a35837ae65232cd6	30c3384eabb71b8af6f446afaff01f04a14552ac8077c89ed4d4bdee29b84b16	immutable
legacy-non-arm	usr.bin/smallc/lib/itoa.c	legacy/non-arm/mips-pic32/usr.bin/smallc/lib/itoa.c	7411dd999fef690db3480648e55834232dc471ad	364342f5467ea4c0edd19def231cb1958c4ea55d8fef730b2a1c4d28f7b4d419	immutable
legacy-non-arm	usr.bin/smallc/lib/lorder8080	legacy/non-arm/mips-pic32/usr.bin/smallc/lib/lorder8080	e36c5853281bfbf776e17333ff4080d8d0da8cb0	4e7b86a564e20203763c781bbd524aebe7fa8fbe8dbb25082e67428b46929f35	immutable
legacy-non-arm	usr.bin/smallc/lib/printn.c	legacy/non-arm/mips-pic32/usr.bin/smallc/lib/printn.c	be26340ae2ab11a1e48b6367b60e3501a2bf5a28	9dd461c3e2453e12c7be485af518cd8f981f28bfa6bc7b0f85279ebee0b312d1	immutable
legacy-non-arm	usr.bin/smallc/lib/putchar.c	legacy/non-arm/mips-pic32/usr.bin/smallc/lib/putchar.c	a96a6e310d5f2ab77c216f2e1db27fb44deb8d5b	85ee3582cf4a497df8a63f757cba6094e4c487e2700a9f96747610ed4108c17d	immutable
legacy-non-arm	usr.bin/smallc/lib/puts.c	legacy/non-arm/mips-pic32/usr.bin/smallc/lib/puts.c	7d5511f0dd0ed3d8d863ec2ec868117a5cbcc541	777e7b7e7eee6d0cdedfc874ef86655a4fcdefa2d11268852b47712c71a80e49	immutable
legacy-non-arm	usr.bin/smallc/lib/rand.c	legacy/non-arm/mips-pic32/usr.bin/smallc/lib/rand.c	97112d1d2bbabbccee9c028236243084f40bb885	b0ddec325897521c99c3c53946c0a4ca2525f879ff9efa328a7c52ab3e6604df	immutable
legacy-non-arm	usr.bin/smallc/lib/reverse.c	legacy/non-arm/mips-pic32/usr.bin/smallc/lib/reverse.c	c77151a60104d11f4eb4244b8f03754c8fb4bc47	2279022d9bd1ff9bd82d8525de9117fe583adcd6b03cd62dc4b19d18d8dada3c	immutable
legacy-non-arm	usr.bin/smallc/lib/sbrk.c	legacy/non-arm/mips-pic32/usr.bin/smallc/lib/sbrk.c	65ea2fc0fcb95bc1837ffb60bef3888d1e8276c4	e63c9bc389d6cb525871581eb118c80fc1be58b1c9ac75a9653874a4f2dd2fa2	immutable
legacy-non-arm	usr.bin/smallc/lib/shell.c	legacy/non-arm/mips-pic32/usr.bin/smallc/lib/shell.c	13ad45606612e49e28b4744d689cd06c374b4250	ef02fa07e07d4fac63eb8cb655ad599add57b3355e8cb2c6944ed7e07963151d	immutable
legacy-non-arm	usr.bin/smallc/lib/strcat.c	legacy/non-arm/mips-pic32/usr.bin/smallc/lib/strcat.c	811667e7cdf164aa16e48adba9eb2ff615c4f2f4	7e6dc5fff4ecb879019e710faedbd8851c49d3c2ed27c2770ee2825548de7cb7	immutable
legacy-non-arm	usr.bin/smallc/lib/strcmp.c	legacy/non-arm/mips-pic32/usr.bin/smallc/lib/strcmp.c	d543d396d7f80ef9033dc7b580283cd435d8963f	b90884be5dccd4a089628f4a98e7096d99c9f867fdb111953acef712d1f206e5	immutable
legacy-non-arm	usr.bin/smallc/lib/strcpy.c	legacy/non-arm/mips-pic32/usr.bin/smallc/lib/strcpy.c	66da42c6c0bb7876a5223d710645ef416be325b1	6960f260243fff0aad1ae72b712836c204a5f77e07846bc1f727fe47b6772be7	immutable
legacy-non-arm	usr.bin/smallc/lib/strlen.c	legacy/non-arm/mips-pic32/usr.bin/smallc/lib/strlen.c	e3bd9d489a95a35fd155c004170315fef09c11ce	c44541e1bd1fcde7cdb6bad4a2e054859d28319305130d1e84aa484e3ac01ca1	immutable
legacy-non-arm	usr.bin/smallc/lib/strncat.c	legacy/non-arm/mips-pic32/usr.bin/smallc/lib/strncat.c	c166216e48b26918f2950b5d718d10ab6ebc90cc	43310454f09ae69508df51cb3f8fff9f8dd0f8d5880f98311467a17cab79fe29	immutable
legacy-non-arm	usr.bin/smallc/lib/strncmp.c	legacy/non-arm/mips-pic32/usr.bin/smallc/lib/strncmp.c	bdd5a30cd53132aff0d4cc9e54fe22ce082211fb	a97e0e135f28f19a5a807b3730024994408ba0e77495ad7f895226f9f0e78be9	immutable
legacy-non-arm	usr.bin/smallc/lib/strncpy.c	legacy/non-arm/mips-pic32/usr.bin/smallc/lib/strncpy.c	e14cd4ca0b43e2b6926650f75ec072b30fc66c59	d971bf4d9def412f8a6c1cdeb8f8535e667d938df72ba3e0d5c71d2b1ed3418a	immutable
legacy-non-arm	usr.bin/smallc/main.c	legacy/non-arm/mips-pic32/usr.bin/smallc/main.c	bb467a960d9cfb4f1101899bc1c31cd12a2c2667	988a3f57530c236d58c756ba85ea766d5f638b96abc8341f06fef280e6a8dac0	immutable
legacy-non-arm	usr.bin/smallc/preproc.c	legacy/non-arm/mips-pic32/usr.bin/smallc/preproc.c	4c834fe4f54aa8631458c50459f726e7f2b56464	a266c76944573756a3ed0290f27db54c5c97773b4d34fcb9a25d92acca074b41	immutable
legacy-non-arm	usr.bin/smallc/primary.c	legacy/non-arm/mips-pic32/usr.bin/smallc/primary.c	587b9083a060976af2aaae2ebd41d4e79b2af87f	458752aa70d996f66a30dca32a1400c84e0b71f3466b477f255e194b661733e5	immutable
legacy-non-arm	usr.bin/smallc/stmt.c	legacy/non-arm/mips-pic32/usr.bin/smallc/stmt.c	c3292c7a53b695dab39e46ddde9ae5fa9c28cb1a	8418b5fe6f3d16067f0478063a55fcf5497b76e5f7f58f9be70eac08be79686d	immutable
legacy-non-arm	usr.bin/smallc/sym.c	legacy/non-arm/mips-pic32/usr.bin/smallc/sym.c	f6e89cbd73161773cf703c3ba74f84e609cd32bc	2f1fed0548983f357484f6635bd133e0e2f7545f85c9efe77fd888c88058a55e	immutable
legacy-non-arm	usr.bin/smallc/vax/B2test.c	legacy/non-arm/mips-pic32/usr.bin/smallc/vax/B2test.c	5187de6eaefd9366d2acaea7363a6567b6b0b4b8	990343fd54a1f33b4b91deffa8e271befac044d08a4162d9266fa84c275078dd	immutable
legacy-non-arm	usr.bin/smallc/vax/Makefile	legacy/non-arm/mips-pic32/usr.bin/smallc/vax/Makefile	037b56797e6a649e95fc2590b4e365bd0004b777	d9dbaea8ed5658dd1f82ae5734030983e7588767df1beed6d3019970da2ae372	immutable
legacy-non-arm	usr.bin/smallc/vax/b2test.dat	legacy/non-arm/mips-pic32/usr.bin/smallc/vax/b2test.dat	57316e4c37d2ae70ee523d7250ab5fc0747a4272	e550bf4eaecca80e494fe9b7a5197bb6efdb17b7267fc22482b0ebbfab8236fc	immutable
legacy-non-arm	usr.bin/smallc/vax/chiovax.c	legacy/non-arm/mips-pic32/usr.bin/smallc/vax/chiovax.c	4f0f77ffefff627a70444d4002c11ade1a3ca4c9	a212c561cf69480add96b163e932c845f7473b61dba0b9f19309e53db765b198	immutable
legacy-non-arm	usr.bin/smallc/vax/crt0.c	legacy/non-arm/mips-pic32/usr.bin/smallc/vax/crt0.c	920030a8f22133fbfd7be499977d94a97b8eff68	ce6dc23754fcdbf6472aa594f8da433507270bab34f5ce0d3cb5bf005edb9c2b	immutable
legacy-non-arm	usr.bin/smallc/vax/crt0.s	legacy/non-arm/mips-pic32/usr.bin/smallc/vax/crt0.s	d5282168efb70908f8b82eb543e0dd34f514dadb	de7cbfe0401ccc68638d8514009577f8ea00ebf9c48eab448d94ad5abfeb0916	immutable
legacy-non-arm	usr.bin/smallc/vax/crunvax.c	legacy/non-arm/mips-pic32/usr.bin/smallc/vax/crunvax.c	d2add7665e4023a5c53a0b2751a50ebe3622ee21	6d0614d187d95f8a44f08421adfb1fcc849832f78fe74bf70aa8b9511566bf0b	immutable
legacy-non-arm	usr.bin/smallc/vax/iovax.c	legacy/non-arm/mips-pic32/usr.bin/smallc/vax/iovax.c	b35deae0297c1421d51af6b37ff9ade80979e9e6	1924571ee762bd21ced5d52d626ea89b4f5a93bdea438391bc5ba2e684a395aa	immutable
legacy-non-arm	usr.bin/smallc/vax/optest.c	legacy/non-arm/mips-pic32/usr.bin/smallc/vax/optest.c	80ddf79aff85b924ad97b669b02d7cd3f39e14fa	118be852572f764a0feaec986658bd53d4acef0d4c8cf0eddffcec238e05039a	immutable
legacy-non-arm	usr.bin/smallc/vax/vscc	legacy/non-arm/mips-pic32/usr.bin/smallc/vax/vscc	8ece2fd2a4471555429c16c329d3c3ed7aa76b0f	8e911a63e4b9cfec638c303a537ad9dc073ae03698567e4551b77728e2c08120	immutable
legacy-non-arm	usr.bin/smallc/while.c	legacy/non-arm/mips-pic32/usr.bin/smallc/while.c	4fbef359deaf8578966bff313cc02ca01642fe9c	844d95a86feeabdb4d0f45b256699b350c5771523f0659b5294a01b32c12f495	immutable
legacy-non-arm	usr.bin/smlrc/cgmips.c	legacy/non-arm/mips-pic32/usr.bin/smlrc/cgmips.c	685e60fa55a7067483e11d0c762571a5af876b6a	ea59e5f3b752f96284d07885a2fe6ffd36f12c979646fbb545a90926642d88cf	immutable
legacy-non-arm	usr.bin/smlrc/cgx86.c	legacy/non-arm/toolchains/usr.bin/smlrc/cgx86.c	0b70742d018f5a7b32e031d66c4cb58c32ecd6c1	3712ac9f896d74b34be826c31559c76c236fd43bf74a703544243c3fdb7157fe	immutable
legacy-non-arm	usr.bin/smlrc/lb.c	legacy/non-arm/mips-pic32/usr.bin/smlrc/lb.c	a6f3c515d878558d903a5e3bbb66f9523a27e66e	6621a8ed3dbcb2b1962456fecd05647232ce37cdc0191e00e3ef7787829b7992	immutable
legacy-non-arm	usr.bin/smux/Makefile	legacy/non-arm/mips-pic32/usr.bin/smux/Makefile	1adc82981b5e3f100ca18cf9fa9cc90c12ac94d3	850b059bb6fbd3d6387e630cf936e361d463e6f0b96a9bf04f791e052780e317	immutable
legacy-non-arm	usr.bin/smux/common/packet.h	legacy/non-arm/mips-pic32/usr.bin/smux/common/packet.h	fc45a158fb41f640b71178bcd5d4cdfcddc275ef	74ae3c7977c6e0bb51a60c16283d513aca630a479e8a961fae5f5a490a36dad3	immutable
legacy-non-arm	usr.bin/smux/linux/.gitignore	legacy/non-arm/mips-pic32/usr.bin/smux/linux/.gitignore	acdd7d1f8bec2b191cb6cc99ee3787f2bef83748	0a5f8e09e08c9b7973b153d1767a6db0ec389010207c0cc0b5333ffb1a6e0bd8	immutable
legacy-non-arm	usr.bin/smux/linux/Makefile	legacy/non-arm/mips-pic32/usr.bin/smux/linux/Makefile	762a7af82fb4ebe9a2f7504b52936c1c1a0c084f	81cdd43f7241f0f68b7973d3d200db49690656f55efbe0dacc7cc29d02d0acc9	immutable
legacy-non-arm	usr.bin/smux/linux/smux.c	legacy/non-arm/mips-pic32/usr.bin/smux/linux/smux.c	f2bbb8b9da9340ac5a5aaa622adaea249565e8c8	c0049f70ec2cb7afdc6dfa43ff1d703ab69381a5e363966b5f89d3fde54e6291	immutable
legacy-non-arm	usr.bin/smux/retro/.gitignore	legacy/non-arm/mips-pic32/usr.bin/smux/retro/.gitignore	acdd7d1f8bec2b191cb6cc99ee3787f2bef83748	0a5f8e09e08c9b7973b153d1767a6db0ec389010207c0cc0b5333ffb1a6e0bd8	immutable
legacy-non-arm	usr.bin/smux/retro/Makefile	legacy/non-arm/mips-pic32/usr.bin/smux/retro/Makefile	85684a3bea0229983059eaaa2cd9c35f68fd30cf	5ed983f3adde4783b370b20bf27a0763b43cff8f10034cf54d7e311c0c55d3d7	immutable
legacy-non-arm	usr.bin/smux/retro/smux.c	legacy/non-arm/mips-pic32/usr.bin/smux/retro/smux.c	446689194147e534ea6b031a80957c8ddf755499	7305a8df0e9688c8c99582e46b3662bd13da7848cf159062287da97ef6b55efb	immutable
legacy-non-arm	usr.bin/uucp/acucntrl.8	legacy/non-arm/pdp11-vax/usr.bin/uucp/acucntrl.8	ce03037627a2e914803c9e3a77d4f25575b4a196	07cd4381ad8ad0543c8571ea8642f87a503a4844762882c7ae5905e3a839eba9	immutable
legacy-non-arm	usr.bin/uucp/acucntrl.c	legacy/non-arm/pdp11-vax/usr.bin/uucp/acucntrl.c	b76d332a2ff82450227cd3abb75f7f08f5faa37d	b0395f4981ea1551187778c78da28e6374946e35ed34626fe2fd0c22ff2e081f	immutable
legacy-non-arm	usr.bin/uucp/vms.tar.Z	legacy/non-arm/vax-vms/usr.bin/uucp/vms.tar.Z	618f160a357e3f484e1f9ab7eac4ffb31ac6be03	23dd90a0606a7dc465a0693faa3f7221532dc9a494082417a40e5dd3cdb67ab5	immutable
legacy-non-arm	usr.bin/wiznet/.gitignore	legacy/non-arm/mips-pic32/usr.bin/wiznet/.gitignore	5e84acc88e5f2fe42a78dcaac8bb6dc25b8f3a9c	71b86edf430600a677762238992e28ca31d62ba36d89d3a1eb78871c078a222f	immutable
legacy-non-arm	usr.bin/wiznet/Makefile	legacy/non-arm/mips-pic32/usr.bin/wiznet/Makefile	4c104daf755b4330b8c20b848b0724a2dcc7e9e8	1deec61c2d754f63da3b2e4489dbf52b393ceec028727e2218c350e6bb463ac8	immutable
legacy-non-arm	usr.bin/wiznet/chat-server.c	legacy/non-arm/mips-pic32/usr.bin/wiznet/chat-server.c	3e4db3caeded94afe4c9ac70b45a095e58844c5c	a051f0dcca96a04370497d8a0f8e2f628d838f212723ebcaca988c59b5b96822	immutable
legacy-non-arm	usr.bin/wiznet/ntpdate.c	legacy/non-arm/mips-pic32/usr.bin/wiznet/ntpdate.c	4989a3c9dbf8890dd8ffc904955fccea21df10fb	304669627d46f120e309d26041829d6dd3b9e6de532e4d8c2520e5b91e69544e	immutable
legacy-non-arm	usr.bin/wiznet/telnet.c	legacy/non-arm/mips-pic32/usr.bin/wiznet/telnet.c	a13df351d0f29d62cc4eed0aa91ab161af866acf	8b4c54d4ba0b179b99e50a7e19fe9b8d06e341473cee5e3439a3f5ea3f24eeae	immutable
legacy-non-arm	usr.bin/wiznet/todo/barometric-pressure-web-server.c	legacy/non-arm/mips-pic32/usr.bin/wiznet/todo/barometric-pressure-web-server.c	a58433fed5b04949b55e66debbac0986ffb47c94	fc4c1c41a8b3e88eb2955ba769af1d1ee97034701707b8d61a48c165e80333f1	immutable
legacy-non-arm	usr.bin/wiznet/todo/pachube-client-string.c	legacy/non-arm/mips-pic32/usr.bin/wiznet/todo/pachube-client-string.c	d4930162066f0a06e503692a8fa32fd0148a455c	2b6bc44012eed4040ceeb0163d8bcb6ae6337e24fa3ce28af23ffcfd6726a2eb	immutable
legacy-non-arm	usr.bin/wiznet/todo/pachube-client.c	legacy/non-arm/mips-pic32/usr.bin/wiznet/todo/pachube-client.c	406c7d17f5867ed7aebfaa650630c9b74d95769e	653e4ebdc2628d4e055f3703dff9a59543e2fd8b9441705dbf31a0fe7d610680	immutable
legacy-non-arm	usr.bin/wiznet/todo/udp-send-receive-string.c	legacy/non-arm/mips-pic32/usr.bin/wiznet/todo/udp-send-receive-string.c	f27290f542401eef9d0b355063306e444d96e148	c99f1c54f33a72e9c63f9cb6f3e15fd19b5bd571bdca3a7eb0dcd841b86a5135	immutable
legacy-non-arm	usr.bin/wiznet/web-client.c	legacy/non-arm/mips-pic32/usr.bin/wiznet/web-client.c	fdb6b8984f59fe628d388e1b57f00cbfe597f7e8	89f0fb28327779e7d920e2db6f82bb9858dc567010b4f7a9eca2578ddcb2e20d	immutable
legacy-non-arm	usr.bin/wiznet/web-server.c	legacy/non-arm/mips-pic32/usr.bin/wiznet/web-server.c	418197fed7153ef18baba862a91ca5015daedc0a	28e3258d4ebd57a9f9b6c49881226af1838e74283faf0fabffecc4e4c5090f5b	immutable
legacy-non-arm	usr.bin/zmodem/makefile.generic	legacy/non-arm/toolchains/usr.bin/zmodem/makefile.generic	8efdd06a85d9ad58c270ea14e999335712456fe8	22ffb84ee2efdc8ea9db1bdc31ed3d5ee55bcef8fd5d8c935d0bee73f4eca4ae	immutable
legacy-non-arm	usr.bin/zmodem/vmodem.h	legacy/non-arm/vax-vms/usr.bin/zmodem/vmodem.h	bf71f26229f4a4457682f65f3e2aa5f2092144b5	0ec9238c7e0669f75d866acd9422e74fb321735f990aee66ac8a7a475854006c	immutable
legacy-non-arm	usr.bin/zmodem/vrzsz.c	legacy/non-arm/vax-vms/usr.bin/zmodem/vrzsz.c	81da525f333ed1b200b2f30aea0e37c37aec4baa	c3df44e69f31feed3c1c7395bf6b25c22a0bd033c06a185fe5be012a8bcef316	immutable
legacy-non-arm	usr.bin/zmodem/vupl.t	legacy/non-arm/vax-vms/usr.bin/zmodem/vupl.t	3631958d0152d9ce357cea5f3d2d37ab514e92a4	20bf157486df32f0c8982658cc7cf7d8977e1117abaaf2bcedd01b0d6933a10b	immutable
legacy-non-arm	usr.bin/zmodem/vuplfile.t	legacy/non-arm/vax-vms/usr.bin/zmodem/vuplfile.t	bb20dda587d5cdde7a76efc70af1ee56c30d38b3	fb3d7f966f99ce731a7c1aed4a0aa68a21039323a29f4359e43b13251b7ce40d	immutable
legacy-non-arm	usr.bin/zmodem/vvmodem.c	legacy/non-arm/vax-vms/usr.bin/zmodem/vvmodem.c	b3c486a9d24c16255ee68eb66acaf8f987b2afb6	95a34b5a791e4dabcd4f5c79a7ccb28d2a0c6bbc08fb82ef6b33659f2a2814d7	immutable
